,unwanted_links
0,https://www.bbc.com/news/live/uk-wales-politics-63907455
1,https://www.bbc.com/sounds/play/m001fm0l
2,https://www.bbc.com/sport/live/football/63687157
3,https://www.bbc.com/sounds/play/w3ct312k
4,https://www.bbc.com/sounds/play/w3ct3172
5,https://www.bbc.com/sounds/play/m0017chj
6,https://www.bbc.com/sounds/play/p0byy9sr
7,https://www.bbc.com/sounds/play/p0bypw3j
8,https://www.bbc.com/sport/cricket/59590568
9,https://www.bbc.com/weather/features/31605227
10,https://www.bbc.com/sounds/play/p0767590
11,https://www.bbc.com/news/world-us-canada-39732845https://www.bbc.com/programmes/p065bxrj
12,https://www.bbc.com/news/world-us-canada-39732845
13,https://www.bbc.com/sport/football/51072079
14,https://www.bbc.com/programmes/p065bxrj
15,https://www.bbc.com/programmes/p065bx16
16,https://www.bbc.com/sounds/play/p062r06l
17,https://www.bbc.com/sounds/play/b08x2zf5
18,https://www.bbc.com/sounds/play/p0577kby
19,https://www.bbc.com/sounds/play/p0558xzg
20,https://www.bbc.com/sounds/play/p0550j8m
21,https://www.bbc.com/sounds/play/p0524hr4
22,https://www.bbc.com/programmes/p051n6q4
23,https://www.bbc.com/sounds/play/b04jmrnm
