,link
0,https://www.aljazeera.com/news/2022/12/19/post-world-cup-blues-start-to-set-in-for-qatar-residents
1,https://www.aljazeera.com/news/2022/12/19/a-display-of-pure-joy-argentinians-celebrate-world-cup-win
2,https://www.aljazeera.com/sports/2022/12/19/lionel-messi-a-break-down-of-his-world-cup-and-career-highlights
3,https://www.aljazeera.com/news/2022/12/19/why-was-messi-wearing-a-bisht-at-world-cup-ceremony
4,https://www.aljazeera.com/news/2022/12/19/world-cup-predictions-did-our-ai
5,https://www.aljazeera.com/news/2022/12/18/tears-of-relief-and-joy-as-messi-lifts-world-cup-for-argentina
6,https://www.aljazeera.com/news/2022/12/19/immense-joy-argentinas-fans-entranced-by-messis-world-cup
7,https://www.aljazeera.com/gallery/2022/12/19/photos-world-cup-victory-parade-takes-to-the-street
8,https://www.aljazeera.com/news/2022/12/19/we-fought-until-the-end-french-fans-sing-the-blues-2
9,https://www.aljazeera.com/sports/2022/12/18/qatar-2022-timeline-how-argentina-came-to-lift-the-world-cup
10,https://www.aljazeera.com/sports/2022/12/18/france-fans-hail-mbappes-dazzling-world-cup-final-performance
11,https://www.aljazeera.com/sports/2022/12/18/messis-argentina-beat-france-on-penalties-to-win-world-cup
12,https://www.aljazeera.com/gallery/2022/12/18/fan-extravaganza-in-qatar-as-argentina-wins-2022-world-cup
13,https://www.aljazeera.com/sports/liveblog/2022/12/18/live-argentina-vs-france-world-cup-2022-final
14,https://www.aljazeera.com/sports/2022/12/18/messi-time-is-now
15,https://www.aljazeera.com/sports/2022/12/18/kylian-mbappe-awarded-golden-boot-after-world-cup-finals
16,https://www.aljazeera.com/sports/2022/12/18/messi-says-he-will-not-retire-from-argentinian-national-team
17,https://www.aljazeera.com/sports/2022/12/18/buenos-aires-to-barwargento-argentina-fans-put-hopes-on-final
18,https://www.aljazeera.com/gallery/2022/12/18/photos-messi-and-argentina-lift-world-cup-after-win-over-france
19,https://www.aljazeera.com/gallery/2022/12/18/photos-qatar-world-cup-2022-closing-ceremony
20,https://www.aljazeera.com/news/2022/12/18/moment-of-joy-france-revels-in-mystique-in-run-up-to-world-cup
21,https://www.aljazeera.com/gallery/2022/12/18/world-cup-fans-animate-qatar-national-day
22,https://www.aljazeera.com/news/2022/12/18/bangladeshis-albicelestes-biggest-fan-are-gearing-up-for
23,https://www.aljazeera.com/news/2022/12/18/messi-calligraphy-sketches-a-big-hit-among-world-cup-fans
24,https://www.aljazeera.com/sports/2022/12/17/match-preview-messis-argentina-vie-to-stop-france-making-it-two
25,https://www.aljazeera.com/sports/2022/12/17/argentina-vs-france-final-predictions-world-cup-2022
26,https://www.aljazeera.com/gallery/2022/12/17/best-moments-of-morocco-historic-world-cup-campaign
27,https://www.aljazeera.com/news/2022/12/18/world-cup-2022-closing-ceremony-a-night-to-remember
28,https://www.aljazeera.com/sports/2022/12/17/how-france-reached-the-world-cup-final
29,https://www.aljazeera.com/sports/2022/12/17/morocco-coach-sure-african-team-to-win-world-cup-in-15-20-years
30,https://www.aljazeera.com/news/2022/12/17/a-second-chance-how-argentina-reached-the-world-cup-final-again
31,https://www.aljazeera.com/gallery/2022/12/17/photos-croatia-claim-third-place-at-world-cup-with-morocco-win
32,https://www.aljazeera.com/sports/2022/12/16/visualising-the-fifa-world-cup-final
33,https://www.aljazeera.com/sports/2022/12/17/modric-says-keep-playing-for-croatia-after-qatar-world-cup
34,https://www.aljazeera.com/sports/2022/12/17/muchachos-argentinas-anthem-and-the-song-of-world-cup-2022
35,https://www.aljazeera.com/sports/2022/12/17/croatia-edge-past-morocco-for-world-cup-third-place
36,https://www.aljazeera.com/sports/2022/12/17/inconsequential-world-cup-playoff-moroccans-think-otherwise
37,https://www.aljazeera.com/sports/2022/12/17/why-is-there-a-third-place-play
38,https://www.aljazeera.com/news/2022/12/17/moroccos-wc-success-boosts-academy-that-gave-players-a-start
39,https://www.aljazeera.com/sports/2022/12/17/playing-seven-games-at-one-world-cup-is-priceless-says-regragui
40,https://www.aljazeera.com/sports/2022/12/17/croatia-vs-morocco-third-place-predictions-world-cup-2022
41,https://www.aljazeera.com/sports/2022/12/17/match-preview-croatia-vs-morocco-world-cup-3rd-place-playoff
42,https://www.aljazeera.com/features/2022/12/16/hold-mural-painter
43,https://www.aljazeera.com/news/2022/12/16/why-indians-remain-ardent-football-fans
44,https://www.aljazeera.com/features/2022/12/15/world-cup-portrait-julius-hirsch
45,https://www.aljazeera.com/opinions/2022/12/15/morocco-was-the-feel-good-story-we-did-not-know-we-needed
46,https://www.aljazeera.com/news/2022/12/15/mbappe-consoles-hakimi-after-defeat-you-created-history
47,https://www.aljazeera.com/news/2022/12/15/will-modric-play-for-croatia-again-after-the-2022-world-cup
48,https://www.aljazeera.com/news/2022/12/15/world-cup-2022-messi-a-different-proposition-says-griezmann
49,https://www.aljazeera.com/sports/2022/12/16/infantino-qatar-2022-best-world-cup-ever
50,https://www.aljazeera.com/gallery/2022/12/16/qatar-2022-best-on-field-highlights-from-the-world-cup
51,https://www.aljazeera.com/sports/2022/12/14/we-are-the-champions-morocco-fans-awed-despite-world-cup-loss
52,https://www.aljazeera.com/news/2022/12/16/argentina-fans-upset-by-lack-of-world-cup-finals-tickets-in-doha
53,https://www.aljazeera.com/gallery/2022/12/14/morocco-fans-honour-their-team-despite-semifinal-loss
54,https://www.aljazeera.com/news/2023/1/14/fifa-to-investigate-argentina-over-world-cup-final-behaviour
55,https://www.aljazeera.com/sports/2023/1/9/martinez-appointed-portugal-coach-will-contact-ronaldo
56,https://www.aljazeera.com/news/2022/12/28/latin-americas-top-stories-of-2022
57,https://www.aljazeera.com/news/2022/12/26/erdogan-says-ronaldo-subjected-to-political-ban-at-world-cup
58,https://www.aljazeera.com/opinions/2022/12/24/tis-the-season-the-post-world-cup-christmas-blues
59,https://www.aljazeera.com/news/2022/12/22/the-10-players-who-caught-our-eye-at-the-world-cup
60,https://www.aljazeera.com/opinions/2022/12/21/lionel-messis-win-is-a-triumph-of-genius-and-tolerance
61,https://www.aljazeera.com/sports/2022/12/20/moroccos-atlas-lions-receive-heros-welcome-on-return-home
62,https://www.aljazeera.com/opinions/2022/12/20/the-atlas-lions-kindled-a-sense-of-belonging-in-europe
63,https://www.aljazeera.com/gallery/2022/12/20/argentines-ecstatic-as-world-cup-winners-return
64,https://www.aljazeera.com/sports/2022/12/20/why-qatar-2022-was-also-africa-world-cup
65,https://www.aljazeera.com/opinions/2022/12/20/how-lionel-messis-bisht-exposed-the-western-medias-racism-again
66,https://www.aljazeera.com/news/2022/12/19/staff-picks-my-favourite-world-cup-2022-moment
67,https://www.aljazeera.com/news/2022/12/19/six-key-takeaways-qatar-world-cup
68,https://www.aljazeera.com/news/2022/12/18/maradonas-guiding-us-argentina-fans-ahead-of-world-cup-final
69,https://www.aljazeera.com/sports/2022/12/18/argentinians-eagerly-anticipate-world-cup-glory
70,https://www.aljazeera.com/news/2022/12/18/mbappe-vs-messi-not-quite
71,https://www.aljazeera.com/sports/liveblog/2022/12/17/live-croatia-vs-morocco-world-cup-2022
72,https://www.aljazeera.com/podcasts/2022/12/16/the-closing-minutes-of-the-qatar-world-cup
73,https://www.aljazeera.com/gallery/2022/12/14/photos-france-charge-into-final-to-end-moroccos-world-cup-dream
74,https://www.aljazeera.com/news/2022/12/14/for-african-fans-legendary-morocco-feat-means-sky-is-the-limit
75,https://www.aljazeera.com/sports/2022/12/14/social-media-reacts-as-moroccos-historic-world-cup-run-ends
76,https://www.aljazeera.com/sports/2022/12/14/recap-france-vs-morocco-world-cup
77,https://www.aljazeera.com/sports/2022/12/14/france-seal-world-cup-final-spot-with-2-0-win-over-morocco
78,https://www.aljazeera.com/news/2022/12/14/royal-air-maroc-cancels-flights-to-doha-ahead-of-semi-final
79,https://www.aljazeera.com/news/2022/12/14/world-cup-security-guard-dies-at-lusail-stadium-after-fall
80,https://www.aljazeera.com/sports/liveblog/2022/12/14/live-france-vs-morocco-world-cup-2022
81,https://www.aljazeera.com/news/liveblog/2022/12/14/world-cup-updates-france-face-history-makers-morocco
82,https://www.aljazeera.com/news/2022/12/14/world-cup-2022-morocco-and-argentina-channel-the-spirit-of-1986
83,https://www.aljazeera.com/sports/2022/12/14/have-hope-moroccans-galvanised-by-world-cup-success
84,https://www.aljazeera.com/news/2022/12/14/crowd-trouble-mars-moroccan-world-cup-joy-in-paris-but-why
85,https://www.aljazeera.com/sports/2022/12/14/world-cups-apex-players-argentinas-messi-and-alvarez
86,https://www.aljazeera.com/sports/2022/12/14/france-vs-morocco-semifinal-predictions-world-cup-2022
87,https://www.aljazeera.com/sports/2022/12/14/mbappe-vs-hakimi-psg-france-morocco-world-cup-semifinal
88,https://www.aljazeera.com/news/2022/12/14/world-cup-2022-a-brief-history-of-france-morocco-relations
89,https://www.aljazeera.com/sports/2022/12/14/yassine-bounou-the-smiling-custodian
90,https://www.aljazeera.com/news/2022/12/14/world-cup-2022-day-25-schedule-match-and-what-to-expect
91,https://www.aljazeera.com/sports/2022/12/14/france-vs-morocco-match-preview-world-cup-2022-semifinal
92,https://www.aljazeera.com/sports/2022/12/14/argentinas-messi-says-qatar-final-to-be-his-last-world-cup-match
93,https://www.aljazeera.com/sports/2022/12/14/france-injury-concerns-ahead-of-world-cup-semifinal-with-morocco
94,https://www.aljazeera.com/sports/2022/12/14/messi-magic-sends-argentina-through-to-world-cup-final-in-qatar
95,https://www.aljazeera.com/gallery/2022/12/13/photos-argentina-batter-croatia-shoot-world-cup-glory
96,https://www.aljazeera.com/gallery/2022/12/13/photos-fans-go-wild-as-argentina-advance-into-world-cup-final
97,https://www.aljazeera.com/sports/2022/12/13/recap-argentina-vs-croatia-world-cup
98,https://www.aljazeera.com/sports/2022/12/13/messi-leads-argentina-to-world-cup-final-in-3-0-win-over-croatia
99,https://www.aljazeera.com/sports/2022/12/13/moroccan-shirts-sell-out-as-world-cup-fever-grows
100,https://www.aljazeera.com/features/2022/12/13/football-portraits-manuel-francisco-dos-santos-aka-garrincha
101,https://www.aljazeera.com/news/2022/12/13/morocco-manager-confident-hopes-to-upset-france-in-semifinal
102,https://www.aljazeera.com/gallery/2022/12/13/moroccos-world-cup-success-stirs-national-pride
103,https://www.aljazeera.com/sports/liveblog/2022/12/13/live-argentina-vs-croatia-world-cup-2022
104,https://www.aljazeera.com/sports/2022/12/13/argentina-vs-croatia-semi-finals-predictions-world-cup-2022
105,https://www.aljazeera.com/program/al-jazeera-close-up/2022/12/13/dont-call-me-a-fake-fan-2
106,https://www.aljazeera.com/sports/2022/12/13/is-the-pressure-to-win-a-world-cup-getting-to-messi
107,https://www.aljazeera.com/sports/2022/12/13/268
108,https://www.aljazeera.com/sports/2022/12/13/world-cup-2022-day-24-schedule-game-and-what-to-expect
109,https://www.aljazeera.com/sports/2022/12/13/semi-final-preview-argentina-vs-croatia
110,https://www.aljazeera.com/sports/2022/12/13/messi-fans-say-world-cup-is-a-matter-of-time
111,https://www.aljazeera.com/sports/2022/12/13/france-not-underestimating-morocco-threat-in-world-cup-semifinal
112,https://www.aljazeera.com/sports/2022/12/13/croatia-coach-says-argentina-under-greater-pressure-at-world-cup
113,https://www.aljazeera.com/sports/2022/12/13/moroccos-injured-midfielder-harit-joins-teammates-at-world-cup
114,https://www.aljazeera.com/gallery/2022/12/12/argentina-fans-party-in-qatar
115,https://www.aljazeera.com/sports/2022/12/12/argentina-messi-training-world-cup-semifinal-croatia
116,https://www.aljazeera.com/news/2022/12/12/croatia-can-hurt-argentina-in-semifinal-warns-coach-scaloni
117,https://www.aljazeera.com/sports/2022/12/12/can-morocco-win-the-world-cup
118,https://www.aljazeera.com/podcasts/2022/12/12/argentinas-biggest-fans-might-be-south-asians
119,https://www.aljazeera.com/sports/2022/12/12/the-freestyle-footballer-with-a-difference-wowing-world-cup-fans
120,https://www.aljazeera.com/sports/2022/12/12/ronaldo-needs-to-rediscover-his-purpose
121,https://www.aljazeera.com/news/2022/12/12/moroccos-coach-calls-team-rocky-of-this-world
122,https://www.aljazeera.com/news/2022/12/12/harry-kane-absolutely-gutted-by-missed-french-penalty
123,https://www.aljazeera.com/news/2022/12/12/ronaldos-world-cup-dream-has-ended
124,https://www.aljazeera.com/sports/2022/12/12/new-dream-ball-introduced-for-world-cups-final-matches
125,https://www.aljazeera.com/sports/2022/12/12/after-neymar-tough-contenders-croatia-aim-to-end-messis-dream
126,https://www.aljazeera.com/news/2022/12/11/the-ten-talking-points-of-the-world-cup-so-far
127,https://www.aljazeera.com/news/2022/12/11/bounous-world-cup-showings-will-turn-heads-across-europe
128,https://www.aljazeera.com/news/2022/12/11/southgate-will-take-time-to-reflect-on-decision-about-future
129,https://www.aljazeera.com/news/2022/12/11/neymar-psychologically-destroyed-by-word-cup-exit
130,https://www.aljazeera.com/news/2022/12/11/the-end-for-ronaldo
131,https://www.aljazeera.com/gallery/2022/12/10/photos-england-going-home-france-moving-on-to-face-morocco
132,https://www.aljazeera.com/sports/2022/12/10/france-edge-england-in-thrilling-quarter-final
133,https://www.aljazeera.com/gallery/2022/12/10/morocco-fans-celebrate-historic-win-2
134,https://www.aljazeera.com/sports/2022/12/10/how-morocco-rewrote-world-cup-history-books-against-portugal
135,https://www.aljazeera.com/news/2022/12/10/how-the-arab-world-celebrated-moroccos-win
136,https://www.aljazeera.com/gallery/2022/12/10/morocco-vs-portugal
137,https://www.aljazeera.com/sports/2022/12/10/regragui-ecstatic-as-morocco-write-history-at-world-cup
138,https://www.aljazeera.com/sports/2022/12/10/world-cup-2022-moroccos-road-to-the-semi-final
139,https://www.aljazeera.com/news/2022/12/10/recap-morocco-vs-portugal-world-cup
140,https://www.aljazeera.com/sports/2022/12/10/from-reykjavik-to-rabat-what-is-the-viking-thunder-clap
141,https://www.aljazeera.com/sports/2022/12/10/world-cup-2022-who-has-reached-the-semi-finals
142,https://www.aljazeera.com/sports/2022/12/10/holdworld-cup-ronaldo-on-the-bench-again-for-portugal-vs-morocco
143,https://www.aljazeera.com/sports/liveblog/2022/12/10/live-england-vs-france-world-cup
144,https://www.aljazeera.com/program/the-listening-post/2022/12/10/impunity-indifference-attacks-on-palestinians-increase
145,https://www.aljazeera.com/sports/liveblog/2022/12/10/live-morocco-vs-portugal-world-cup-2022
146,https://www.aljazeera.com/sports/2022/12/10/for-brazil-fans-sadness-is-too-much-after-world-cup-loss
147,https://www.aljazeera.com/news/2022/12/10/brilliant-us-football-writer-grant-wahl-dies-covering-world-cup
148,https://www.aljazeera.com/sports/2022/12/10/england-vs-france-quarter-finals-predictions-world-cup-2022
149,https://www.aljazeera.com/sports/2022/12/10/morocco-vs-portugal-quarter-finals-predictions-world-cup-2022
150,https://www.aljazeera.com/sports/2022/12/10/hold-bearing-hopes-of-a-continent-morocco-aim-for-semi-finals
151,https://www.aljazeera.com/news/2022/12/10/can-england-stop-free-scoring-mbappe-in-quarter-final-clash
152,https://www.aljazeera.com/sports/2022/12/10/undefeated-morocco-make-history-as-they-face-in-form-portugal
153,https://www.aljazeera.com/sports/2022/12/10/neymar-unsure-if-hell-play-for-brazil-again-at-another-world-cup
154,https://www.aljazeera.com/sports/2022/12/10/argentinas-non-argentinian-world-cup-fans-out-in-force-in-qatar
155,https://www.aljazeera.com/gallery/2022/12/9/photos-messis-argentina-defeat-netherlands-in-shootout
156,https://www.aljazeera.com/sports/2022/12/9/recap-netherlands-vs-argentina-world-cup
157,https://www.aljazeera.com/news/2022/12/9/croatians-celebrate-unbelievable-win-as-brazil-exits-world-cup
158,https://www.aljazeera.com/gallery/2022/12/9/croatia-head-to-semifinals-after-beating-brazil-in-penalties
159,https://www.aljazeera.com/sports/2022/12/9/recap-croatia-vs-brazil-world-cup-2
160,https://www.aljazeera.com/news/2022/12/9/neymar-scores-to-equal-peles-record-of-most-goals-for-brazil
161,https://www.aljazeera.com/sports/liveblog/2022/12/9/live-netherlands-vs-argentina-world-cup-2022
162,https://www.aljazeera.com/news/2022/12/9/world-cup-2022-which-managers-have-resigned-or-been-sacked
163,https://www.aljazeera.com/opinions/2022/12/9/why-moroccos-win-over-spain-means-so-much-to-me
164,https://www.aljazeera.com/sports/liveblog/2022/12/9/live-croatia-vs-brazil-world-cup-2022
165,https://www.aljazeera.com/sports/2022/12/9/we-can-get-there-argentina-fans-hope-a-win-world-cup
166,https://www.aljazeera.com/sports/2022/12/9/world-cup-2022-can-you-beat-our-predictor-in-the-quarter-finals
167,https://www.aljazeera.com/sports/2022/12/9/netherlands-vs-argentina-predictions-world-cup-2022
168,https://www.aljazeera.com/sports/2022/12/9/croatia-vs-brazil-quarter-finals-predictions-world-cup-2022
169,https://www.aljazeera.com/sports/2022/12/9/amid-high-expectations-brazil-aim-for-the-hexa-at-world-cup
170,https://www.aljazeera.com/sports/2022/12/9/how-the-world-cup-has-moved-footballs-future-further-east
171,https://www.aljazeera.com/sports/2022/12/9/world-cup-2022-quarter-finals-argentina-vs-netherlands-preview
172,https://www.aljazeera.com/sports/2022/12/9/rampant-brazil-look-to-break-resilient-croatia-in-quarter-final
173,https://www.aljazeera.com/news/2022/12/8/world-cup-2022-day-18-final-8
174,https://www.aljazeera.com/sports/2022/12/8/ronaldo-not-quitting-portugal-squad
175,https://www.aljazeera.com/sports/2022/12/8/spain-replace-coach-luis-enrique-after-early-world-cup-exit
176,https://www.aljazeera.com/sports/2022/12/8/croatia-sosa-fit-for-quarter-final-brazil-sandro-out
177,https://www.aljazeera.com/sports/2022/12/8/vinicius-jr-vows-to-keep-dancing-after-goal-celebration-criticism
178,https://www.aljazeera.com/gallery/2022/12/8/photos-funky-fan-fashion-turns-world-cup-into-striking-spectacle
179,https://www.aljazeera.com/news/2022/12/8/world-will-take-note-ronaldo-link-to-saudi-club-thrills-fans
180,https://www.aljazeera.com/news/2022/12/8/sterling-aims-for-world-cup-return-after-break-in-at-family-home
181,https://www.aljazeera.com/sports/2022/12/7/fifa-fines-croatia-over-fans-abuse-of-canadian-goalkeeper
182,https://www.aljazeera.com/news/2022/12/7/in-doha-football-action-lull-no-match-for-world-cup-buzz
183,https://www.aljazeera.com/opinions/2022/12/7/fifa-world-cup-palestine-1-israel-0
184,https://www.aljazeera.com/podcasts/2022/12/7/taking-the-temperature-of-the-middle-easts-world-cup
185,https://www.aljazeera.com/news/2022/12/7/samuel-etoo-apologises-for-attacking-a-man-after-world-cup-match
186,https://www.aljazeera.com/sports/2022/12/7/morning-after-morocco-wakes-up-to-realise-the-dream-came-true
187,https://www.aljazeera.com/sports/2022/12/7/moroccos-footballer-hakimi-from-difficult-moments-to-stardom
188,https://www.aljazeera.com/sports/2022/12/7/ronaldos-world-cup-side-lined-then-eclipsed-by-stand-in-ramos
189,https://www.aljazeera.com/gallery/2022/12/7/photos-portugal-vs-switzerland
190,https://www.aljazeera.com/news/2022/12/6/arabs-rejoice-as-one-on-social-media-over-moroccos-historic-win
191,https://www.aljazeera.com/sports/2022/12/6/recap-portugal-vs-switzerland-world-cup
192,https://www.aljazeera.com/gallery/2022/12/6/morocco-fans-celebrate-historic-win
193,https://www.aljazeera.com/sports/2022/12/6/how-moroccos-atlas-lions-roared-into-world-cup-quarter-finals
194,https://www.aljazeera.com/sports/2022/12/6/ronaldo-dropped-from-starting-lineup-against-switzerland
195,https://www.aljazeera.com/sports/2022/12/6/recap-morocco-vs-spain-world-cup
196,https://www.aljazeera.com/news/2022/12/6/excited-moroccan-fans-scramble-for-last-minute-world-cup-tickets
197,https://www.aljazeera.com/news/liveblog/2022/12/6/live-portugal-vs-switzerland
198,https://www.aljazeera.com/program/between-us/2022/12/6/world-cup-inside-qatar
199,https://www.aljazeera.com/sports/2022/12/6/which-teams-have-reached-the-world-cup-quarter-finals
200,https://www.aljazeera.com/news/2022/12/6/win-world-cup-for-pele-brazil-football-fans
201,https://www.aljazeera.com/sports/liveblog/2022/12/6/live-morocco-vs-spain-world-cup
202,https://www.aljazeera.com/news/2022/12/6/samuel-etoo-attacks-football-fan-after-world-cup-match
203,https://www.aljazeera.com/sports/2022/12/6/spain-vs-morocco-round-of-16-predictions-world-cup-2022
204,https://www.aljazeera.com/sports/2022/12/6/portugal-vs-switzerland-round-of-16-predictions-world-cup-2022
205,https://www.aljazeera.com/sports/2022/12/6/hope-and-optimism-in-morocco-ahead-of-world-cup-last-16-match
206,https://www.aljazeera.com/news/2022/12/6/its-a-home-world-cup-for-asian-and-african-football-fans
207,https://www.aljazeera.com/sports/2022/12/6/japan-south-korea-defeats-end-world-cup-dreams-for-asian-teams
208,https://www.aljazeera.com/sports/2022/12/6/world-cup-2022-day-17-last-16-knockout-games-continue
209,https://www.aljazeera.com/news/2022/12/6/moroccos-world-cup-magic-potion-football-moms-and-dads-in-qatar
210,https://www.aljazeera.com/sports/2022/12/6/world-cup-2022-round-of-16-morocco-vs-spain-match-preview
211,https://www.aljazeera.com/sports/2022/12/6/portugal-and-switzerland-face-off-in-final-round-of-16-game
212,https://www.aljazeera.com/sports/2022/12/6/brazil-dedicates-world-cup-win-to-ailing-football-legend-pele
213,https://www.aljazeera.com/gallery/2022/12/6/photos-brazil-v-south-korea
214,https://www.aljazeera.com/sports/2022/12/5/recap-brazil-vs-south-korea-world-cup
215,https://www.aljazeera.com/gallery/2022/12/5/japan-vs-croatia-2
216,https://www.aljazeera.com/sports/2022/12/5/recap-japan-vs-croatia-world-cup
217,https://www.aljazeera.com/news/2022/12/5/why-has-there-been-so-much-stoppage-time-at-the-2022-world-cup
218,https://www.aljazeera.com/sports/liveblog/2022/12/5/live-brazil-vs-south-korea-world-cup
219,https://www.aljazeera.com/sports/2022/12/5/a-natural-high-brazil-footballs-unofficial-drummer-wallace
220,https://www.aljazeera.com/sports/2022/12/5/world-cup-2022-schedule-from-knockout-games-until-final-in-qatar
221,https://www.aljazeera.com/sports/2022/12/5/who-is-going-to-reach-the-quarter-finals-of-world-cup-2022
222,https://www.aljazeera.com/sports/liveblog/2022/12/5/live-japan-vs-croatia-world-cup
223,https://www.aljazeera.com/features/longform/2022/12/5/zhen-kitchen-a-chinese-familys-restaurant-legacy-in-doha
224,https://www.aljazeera.com/news/2022/12/5/brazil-ready-to-welcome-superstar-neymar-back-on-the-pitch
225,https://www.aljazeera.com/sports/2022/12/5/japan-vs-croatia-predictions-world-cup-2022
226,https://www.aljazeera.com/sports/2022/12/5/moroccan-football-fans-what-this-team-means-to-me
227,https://www.aljazeera.com/sports/2022/12/5/brazil-vs-south-korea-predictions-world-cup-2022
228,https://www.aljazeera.com/sports/2022/12/5/who-could-win-the-golden-boot-at-the-qatar-world-cup-2022
229,https://www.aljazeera.com/sports/2022/12/5/japan-world-cup-campaign-brings-joy-at-home
230,https://www.aljazeera.com/sports/2022/12/5/world-cup-preview-brazil-vs-south-korea
231,https://www.aljazeera.com/sports/2022/12/5/world-cup-preview-japan-vs-croatia
232,https://www.aljazeera.com/news/2022/12/5/world-cup-2022-day-16-round-of-16-knockouts-continue
233,https://www.aljazeera.com/sports/2022/12/5/englands-raheem-sterling-back-to-uk-amid-home-intrusion-reports
234,https://www.aljazeera.com/sports/2022/12/5/world-cup-recap-day-15-france-england-set-for-quarter-finals
235,https://www.aljazeera.com/gallery/2022/12/4/photos-england-roars-past-senegal-into-the-quarter-finals
236,https://www.aljazeera.com/sports/2022/12/4/england-rampant-lions-roar-to-3-0-victory-over-senegal
237,https://www.aljazeera.com/gallery/2022/12/4/photos-giroud-mbappe-france-beat-poland-world-cup-2022
238,https://www.aljazeera.com/sports/2022/12/4/france-cruise-past-poland-to-book-world-cup-quarter-final-spot
239,https://www.aljazeera.com/news/2022/12/4/olivier-giroud-scores-52nd-goal-to-break-henrys-france-record
240,https://www.aljazeera.com/news/liveblog/2022/12/4/live-england-vs-senegal-world-cup
241,https://www.aljazeera.com/news/2022/12/4/for-women-fans-theres-already-a-world-cup-winner-their
242,https://www.aljazeera.com/sports/liveblog/2022/12/4/live-france-vs-poland-world-cup
243,https://www.aljazeera.com/sports/2022/12/4/england-vs-senegal-predictions-world-cup-2022
244,https://www.aljazeera.com/sports/2022/12/4/france-vs-poland-predictions-world-cup-2022
245,https://www.aljazeera.com/sports/2022/12/4/kane-misfiring-but-england-big-favourites-to-end-senegal-run
246,https://www.aljazeera.com/sports/2022/12/4/round-of-16-preview-france-vs-poland
247,https://www.aljazeera.com/news/liveblog/2022/12/4/world-cup-2022-live-france-faces-poland-england-to-meet-senegal
248,https://www.aljazeera.com/news/2022/12/4/pele-says-he-feels-strong-after-hospitalisation
249,https://www.aljazeera.com/news/2022/12/4/world-cup-2022-day-15-round-of-16-knockouts-heats-up
250,https://www.aljazeera.com/sports/2022/12/4/world-cup-recap-day-14-argentina-dutch-make-quarter-finals
251,https://www.aljazeera.com/gallery/2022/12/3/photos-argentina-vs-australia
252,https://www.aljazeera.com/sports/2022/12/3/argentina-too-strong-for-hard-working-australia
253,https://www.aljazeera.com/news/2022/12/3/more-than-2-4-million-people-attended-group-stages-matches-fifa
254,https://www.aljazeera.com/gallery/2022/12/3/netherlands-vs-usa
255,https://www.aljazeera.com/news/2022/12/3/brazils-jesus-and-telles-out-of-world-cup-due-to-injuries
256,https://www.aljazeera.com/sports/2022/12/3/netherlands-dominate-usa-in-first-knock-out-match
257,https://www.aljazeera.com/sports/liveblog/2022/12/3/live-argentina-vs-australia-world-cup-2022
258,https://www.aljazeera.com/sports/2022/12/3/vincent-aboubakar-talker-scorer-and-history-maker-for-africa
259,https://www.aljazeera.com/sports/2022/12/3/the-five-most-infamous-world-cup-penalty-shoot-outs
260,https://www.aljazeera.com/sports/liveblog/2022/12/3/live-netherlands-vs-usa-world-cup-2022
261,https://www.aljazeera.com/sports/2022/12/3/the-world-cup-so-far-in-numbers
262,https://www.aljazeera.com/sports/2022/12/3/argentina-vs-australia-predictions-world-cup-2022
263,https://www.aljazeera.com/sports/2022/12/3/netherlands-vs-usa-predictions-world-cup-2022
264,https://www.aljazeera.com/news/liveblog/2022/12/3/world-cup-2022-live-knockout-stage-kicks-off-in-qatar
265,https://www.aljazeera.com/sports/2022/12/3/from-neymar-to-pulisic-who-is-a-doubt-for-the-knockout-stage
266,https://www.aljazeera.com/sports/2022/12/3/round-of-16-argentina-vs-australia
267,https://www.aljazeera.com/sports/2022/12/3/world-cup-2022-netherlands-vs-usa-match-preview
268,https://www.aljazeera.com/news/2022/12/3/world-cup-2022-day-14-round-of-16-kicks-off
269,https://www.aljazeera.com/sports/2022/12/3/world-cup-recap-day-13-cameroon-beats-brazil-s-korea-qualifies
270,https://www.aljazeera.com/sports/2022/12/3/cameroon-fans-celebrate-after-historic-1-0-win-over-brazil
271,https://www.aljazeera.com/gallery/2022/12/2/photos-cameroon-vs-brazil
272,https://www.aljazeera.com/gallery/2022/12/2/serbia-vs-switzerland
273,https://www.aljazeera.com/sports/2022/12/2/cameroon-out-of-world-cup-despite-beating-brazil
274,https://www.aljazeera.com/news/2022/12/2/swiss-world-cup-delight-after-five-goal-thriller-with-serbia
275,https://www.aljazeera.com/news/2022/12/2/brazil-football-legend-pele-stable-following-hospitalisation
276,https://www.aljazeera.com/gallery/2022/12/2/heartbreak-for-uruguay-after-world-cup-elimination
277,https://www.aljazeera.com/gallery/2022/12/2/south-korea-beat-portugal-to-step-forward-at-world-cup
278,https://www.aljazeera.com/news/2022/12/2/uruguay-out-world-cup-despite-victory-over-ghana
279,https://www.aljazeera.com/sports/2022/12/2/word-cup-south-korea-slide-into-final-16-after-win-over-portugal
280,https://www.aljazeera.com/news/2022/12/2/world-cup-2022-day-13-the-schedule-and-whats-at-stake-for-team
281,https://www.aljazeera.com/sports/liveblog/2022/12/2/live-cameroon-vs-brazil-world-cup
282,https://www.aljazeera.com/sports/liveblog/2022/12/2/live-serbia-vs-switzerland-world-cup
283,https://www.aljazeera.com/sports/liveblog/2022/12/2/live-south-korea-vs-portugal-world-cup
284,https://www.aljazeera.com/sports/liveblog/2022/12/2/live-ghana-vs-uruguay-world-cup
285,https://www.aljazeera.com/sports/2022/12/2/ghana-vs-uruguay-s-korea-vs-portugal-predictions-world-cup-2022
286,https://www.aljazeera.com/sports/2022/12/2/cameroon-vs-brazil-predictions-world-cup-2022
287,https://www.aljazeera.com/news/2022/12/2/world-cup-2022-round-of-16-whos-playing-where-and-when
288,https://www.aljazeera.com/news/2022/12/2/here-to-play-football-german-league-boss-on-onelove-band-row
289,https://www.aljazeera.com/features/2022/12/2/relish-this-moment-forget-about-the-war-yemenis-on-world-cup
290,https://www.aljazeera.com/program/the-world-cup-dream/2022/12/2/the-world-cup-dream-brazil
291,https://www.aljazeera.com/sports/liveblog/2022/12/2/224-2
292,https://www.aljazeera.com/sports/2022/12/2/miracle-in-doha-japan-revels-in-stunning-world-cup-progress
293,https://www.aljazeera.com/sports/2022/12/2/12-years-a-grudge-ghana-eager-to-revenge-dramatic-uruguay-defeat
294,https://www.aljazeera.com/news/2022/12/2/switzerland-clash-with-serbia-in-politically-charged-group-game
295,https://www.aljazeera.com/sports/2022/12/2/black-stars-look-to-shine-against-la-celeste-in-crucial-clash
296,https://www.aljazeera.com/sports/2022/12/2/south-korea-look-for-first-win-against-group-leaders-portugal
297,https://www.aljazeera.com/sports/2022/12/2/cameroon-v-brazil
298,https://www.aljazeera.com/news/2022/12/2/world-cup-recap-day-12-japan-morocco-make-knockout-round
299,https://www.aljazeera.com/gallery/2022/12/1/photos-germany-defeat-costa-rica-4-2-but-fail-to-advance
300,https://www.aljazeera.com/sports/2022/12/1/stephanie-frappart-is-first-woman-to-referee-at-mens-world-cup
301,https://www.aljazeera.com/sports/2022/12/1/germany-crash-out-of-world-cup-despite-win-over-costa-rica
302,https://www.aljazeera.com/sports/2022/12/1/japan-stun-spain-2-1-to-book-place-in-world-cup-last-16
303,https://www.aljazeera.com/news/2022/12/1/incredible-achievement-moroccans-s-after-qualification
304,https://www.aljazeera.com/gallery/2022/12/1/canada-vs-morocco
305,https://www.aljazeera.com/gallery/2022/12/1/photos-draw-puts-croatia-into-world-cup-last-16-and-belgium-out
306,https://www.aljazeera.com/sports/2022/12/1/belgium-crash-out-of-world-cup-after-goalless-draw-with-croatia
307,https://www.aljazeera.com/news/2022/12/1/morocco-beat-canada-2-1-to-book-place-in-world-cup-last-16
308,https://www.aljazeera.com/news/liveblog/2022/12/1/live-japan-vs-spain-world-cup
309,https://www.aljazeera.com/news/liveblog/2022/12/1/live-costa-rica-vs-germany-world-cup-2022
310,https://www.aljazeera.com/news/2022/12/1/despite-early-world-cup-exit-canada-has-high-hopes-for-future
311,https://www.aljazeera.com/news/liveblog/2022/12/1/live-canada-vs-morocco-world-cup
312,https://www.aljazeera.com/news/liveblog/2022/12/1/croatia-vs-belgium-world-cup
313,https://www.aljazeera.com/sports/2022/12/1/japan-vs-spain-prediction-world-cup-2022
314,https://www.aljazeera.com/sports/2022/12/1/world-cup-2022-predictions-canada-vs-morocco-and-other-matches
315,https://www.aljazeera.com/news/2022/12/1/argentina-fans-want-to-win-the-cup-for-messi
316,https://www.aljazeera.com/features/2022/12/1/how-music-became-embedded-in-ghanaian-football-fan-culture
317,https://www.aljazeera.com/sports/2022/12/1/disjointed-belgium-face-2018-finalists-croatia-in-must-win-clash
318,https://www.aljazeera.com/sports/2022/12/1/tunisian-fans-in-paris-celebrate-bittersweet-win-against-france
319,https://www.aljazeera.com/sports/liveblog/2022/12/1/world-cup-live-morocco-costa-rica-eye-historic-qualification
320,https://www.aljazeera.com/sports/2022/12/1/fancy-selfies-with-pele-and-maradona-in-doha
321,https://www.aljazeera.com/sports/2022/12/1/germany-face-costa-rica-in-high-stakes-group-e-encounter
322,https://www.aljazeera.com/sports/2022/12/1/emboldened-morocco-face-eliminated-canada-in-final-group-game
323,https://www.aljazeera.com/sports/2022/12/1/a-must-win-match-for-japan-as-they-face-an-in-form-spain
324,https://www.aljazeera.com/gallery/2022/12/1/photos-mexico-beat-saudi-arabia-2-1-but-neither-are-celebrating
325,https://www.aljazeera.com/sports/2022/12/1/world-cup-recap-day-11-australia-argentina-make-knockout-stage
326,https://www.aljazeera.com/gallery/2022/11/30/photos-argentina-ease-past-poland-2-0-and-into-world-cup-last-16
327,https://www.aljazeera.com/news/2022/11/30/mexico-beat-saudi-arabia-but-fail-to-make-world-cup-last-16
328,https://www.aljazeera.com/sports/2022/11/30/argentina-coast-past-poland-2-0-to-top-world-cup-group-c
329,https://www.aljazeera.com/gallery/2022/11/30/tunisian-fans
330,https://www.aljazeera.com/gallery/2022/11/30/photos-australia-v-denmark
331,https://www.aljazeera.com/sports/2022/11/30/australia-upset-denmark-1-0-to-earn-world-cup-last-16-spot
332,https://www.aljazeera.com/sports/2022/11/30/recap-tunisia-vs-france-world-cup-2022
333,https://www.aljazeera.com/news/liveblog/2022/11/30/live-saudi-arabia-vs-mexico-world-cup
334,https://www.aljazeera.com/news/liveblog/2022/11/30/live-poland-vs-argentina-world-cup-2022
335,https://www.aljazeera.com/sports/2022/11/30/world-cup-predictions-tunisia-v-france-and-todays-other-matches
336,https://www.aljazeera.com/news/liveblog/2022/11/30/live-australia-vs-denmark-world-cup
337,https://www.aljazeera.com/sports/liveblog/2022/11/30/live-tunisia-vs-france-world-cup
338,https://www.aljazeera.com/news/2022/11/30/cameroon-suspend-onana-to-play-rest-of-world-cup-without-him
339,https://www.aljazeera.com/sports/liveblog/2022/11/30/world-cup-live-argentina-mexico-face-pivotal-game
340,https://www.aljazeera.com/sports/2022/11/30/world-cup-2022-day-11-the-schedule-and-whats-at-stake-for-team
341,https://www.aljazeera.com/sports/2022/11/30/argentina-take-on-poland-in-their-second-world-cup-final
342,https://www.aljazeera.com/sports/2022/11/30/a-must-win-game-for-the-eagles-of-carthage-who-are-yet-to-score
343,https://www.aljazeera.com/sports/2022/11/30/danish-dynamite-look-to-blow-away-socceroos-in-final-group-match
344,https://www.aljazeera.com/sports/2022/11/30/all-to-play-for-as-saudi-arabia-take-on-mexico-in-crucial-clash
345,https://www.aljazeera.com/news/2022/11/30/how-immigration-made-french-football-better
346,https://www.aljazeera.com/sports/2022/11/30/world-cup-recap-day-10-us-beat-iran-england-wallop-wales
347,https://www.aljazeera.com/gallery/2022/11/29/photos-pulisics-daring-header-gives-us-1-0-victory-over-iran
348,https://www.aljazeera.com/gallery/2022/11/29/photos-rashford-brace-downs-wales-and-sends-england-to-last-16
349,https://www.aljazeera.com/sports/2022/11/29/iran-out-of-world-cup-as-team-usa-lose-pulisic
350,https://www.aljazeera.com/sports/2022/11/29/england-advance-to-world-cup-last-16-after-hammering-wales-3-0
351,https://www.aljazeera.com/gallery/2022/11/29/netherlands-vs-qatar
352,https://www.aljazeera.com/gallery/2022/11/29/photos-senegal-advance-to-world-cup-last-16-by-beating-ecuador
353,https://www.aljazeera.com/news/2022/11/29/senegal-book-place-in-last-16-with-2-1-win-over-ecuador
354,https://www.aljazeera.com/sports/2022/11/29/netherlands-cruise-past-hosts-qatar-into-world-cup-final-16
355,https://www.aljazeera.com/gallery/2022/11/29/photos-palestinian-flags-fly-high-at-the-world-cup-in-qatar
356,https://www.aljazeera.com/sports/liveblog/2022/11/29/live-iran-vs-usa-world-cup
357,https://www.aljazeera.com/news/liveblog/2022/11/29/live-wales-vs-england-world-cup
358,https://www.aljazeera.com/program/the-world-cup-dream/2022/11/29/the-world-cup-dream-spain
359,https://www.aljazeera.com/news/2022/11/29/african-fans-in-qatar-confident-teams-will-advance-to-knock-outs
360,https://www.aljazeera.com/news/liveblog/2022/11/29/live-netherlands-vs-qatar-world-cup
361,https://www.aljazeera.com/news/liveblog/2022/11/29/live-ecuador-vs-senegal-world-cup
362,https://www.aljazeera.com/sports/2022/11/29/world-cup-2022-day-10-the-schedule-and-whats-at-stake-for-team
363,https://www.aljazeera.com/news/2022/11/29/fans-say-iran-vs-usa-game-an-opportunity-for-stronger-bonds
364,https://www.aljazeera.com/news/2022/11/29/iran-vs-usa-why-it-will-be-hard-to-focus-on-just-the-football
365,https://www.aljazeera.com/sports/2022/11/29/wales-vs-england-a-match-with-history
366,https://www.aljazeera.com/news/2022/11/29/world-cup-2022-ecuador-vs-senegal-match-preview
367,https://www.aljazeera.com/sports/2022/11/29/world-cup-2022-netherlands-vs-qatar-match-preview
368,https://www.aljazeera.com/sports/2022/11/29/world-cup-2022-iran-v-usa-match-preview
369,https://www.aljazeera.com/news/2022/11/29/world-cup-2022-a-brief-history-of-us-iran-relations
370,https://www.aljazeera.com/sports/liveblog/2022/11/29/world-cup-2022-live-ecuador-senegal-us-iran-play-to-survive
371,https://www.aljazeera.com/sports/2022/11/29/world-cup-recap-day-9-brazil-portugal-advance-to-group-of-16
372,https://www.aljazeera.com/gallery/2022/11/28/photos-portugal-vs-uruguay
373,https://www.aljazeera.com/sports/2022/11/28/world-cup-2022-portugal-beat-uruguay-to-earn-place-in-last-16
374,https://www.aljazeera.com/gallery/2022/11/28/photos-brazil-pulls-out-1-0-victory-against-switzerland
375,https://www.aljazeera.com/news/2022/11/28/ongoing-protests-cast-shadow-over-world-cup-for-iranian-americans
376,https://www.aljazeera.com/news/2022/11/28/tension-among-fans-ahead-of-iran-and-us-world-cup-game
377,https://www.aljazeera.com/sports/2022/11/28/brazil-edge-patient-switzerland-to-secure-round-of-16-spot
378,https://www.aljazeera.com/gallery/2022/11/28/photos-ghana-fans-celebrate-3-2-win-over-south-korea
379,https://www.aljazeera.com/news/liveblog/2022/11/28/live-portugal-vs-uruguay-world-cup
380,https://www.aljazeera.com/gallery/2022/11/28/cameroon-fans
381,https://www.aljazeera.com/news/2022/11/28/ghana-triumph-as-south-korea-almost-stage-comeback
382,https://www.aljazeera.com/opinions/2022/11/28/the-massive-hypocrisy-of-the-wests-world-cup-concerns
383,https://www.aljazeera.com/podcasts/2022/11/28/the-world-cup-and-protests-collide-in-iran
384,https://www.aljazeera.com/features/2022/11/28/the-beauty-shop-catering-to-qatars-african-community
385,https://www.aljazeera.com/sports/liveblog/2022/11/28/brazil-vs-switzerland-world-cup
386,https://www.aljazeera.com/news/2022/11/28/cameroon-serbia-six-goal-thriller
387,https://www.aljazeera.com/sports/2022/11/28/whos-into-the-next-round-and-whos-out-of-this-world-cup
388,https://www.aljazeera.com/sports/liveblog/2022/11/28/live-south-korea-vs-ghana-world-cup-2022
389,https://www.aljazeera.com/sports/2022/11/28/world-cup-2022-day-9-the-schedule-and-whats-at-stake-for-teams
390,https://www.aljazeera.com/news/2022/11/28/world-cup-preview-portugal-vs-uruguay
391,https://www.aljazeera.com/sports/liveblog/2022/11/28/cameroon-vs-serbia-world-cup
392,https://www.aljazeera.com/news/liveblog/2022/11/28/world-cup-2022-live-more-teams-to-fight-early-exit-on-day-nine
393,https://www.aljazeera.com/sports/2022/11/28/can-richarlison-fire-brazil-past-a-well-organized-switzerland
394,https://www.aljazeera.com/sports/2022/11/28/world-cup-preview-south-korea-vs-ghana
395,https://www.aljazeera.com/sports/2022/11/28/cameroon-v-serbia-a-match-of-flair-and-muscle
396,https://www.aljazeera.com/sports/2022/11/28/world-cup-2022-in-the-neighbourhood-of-samuel-etoo
397,https://www.aljazeera.com/economy/2022/11/28/very-proud-indonesia-leaves-mark-with-official-world-cup-ball
398,https://www.aljazeera.com/sports/2022/11/28/world-cup-fans-remind-germany-of-racism-towards-ex-teammate-ozil
399,https://www.aljazeera.com/sports/2022/11/28/world-cup-recap-day-8-morocco-beats-belgium-germany-still-in
400,https://www.aljazeera.com/sports/2022/11/27/qatar-2022-who-needs-to-do-what-to-get-to-the-group-of-16
401,https://www.aljazeera.com/news/2022/11/27/iran-lodges-protest-with-fifa-over-us-soccer-flag-row
402,https://www.aljazeera.com/gallery/2022/11/27/photos-fullkrugs-late-goal-earns-germany-1-1-draw-with-spain
403,https://www.aljazeera.com/sports/2022/11/27/world-cup-2022-germany-score-late-to-snatch-1-1-draw-with-spain
404,https://www.aljazeera.com/news/2022/11/27/brussels-sees-riots-after-morocco-beats-belgium-at-world-cup
405,https://www.aljazeera.com/gallery/2022/11/27/photos-canada-vs-craotia
406,https://www.aljazeera.com/sports/2022/11/27/morocco-fans-in-belgium-elated-over-world-cup-win
407,https://www.aljazeera.com/sports/2022/11/27/this-is-a-dream-morocco-fans-ecstatic-after-belgium-win
408,https://www.aljazeera.com/news/2022/11/27/croatia-send-canada-out-of-world-cup-with-3-1-victory
409,https://www.aljazeera.com/gallery/2022/11/27/photos-morocco-upset-belgium-to-claim-long-awaited-world-cup-win
410,https://www.aljazeera.com/sports/liveblog/2022/11/27/live-germany-vs-spain-world-cup
411,https://www.aljazeera.com/sports/2022/11/27/morocco-30
412,https://www.aljazeera.com/gallery/2022/11/27/japan-vs-costa-rica
413,https://www.aljazeera.com/news/2022/11/27/costa-rica-snatch-unlikely-win-against-japan
414,https://www.aljazeera.com/sports/liveblog/2022/11/27/live-canada-vs-croatia-world-cup
415,https://www.aljazeera.com/news/2022/11/27/iran-coach-tells-klinsmann-to-resign-for-outrageous-bbc-comment
416,https://www.aljazeera.com/sports/liveblog/2022/11/27/live-belgium-vs-morocco-world-cup
417,https://www.aljazeera.com/news/2022/11/27/saudi-fan-culture-arrives-at-world-cup-2
418,https://www.aljazeera.com/news/liveblog/2022/11/27/world-cup-live-germany-croatia-hang-in-the-balance
419,https://www.aljazeera.com/features/2022/11/27/belgium-v-morocco-cant-choose-between-my-father-and-my-mother
420,https://www.aljazeera.com/sports/2022/11/27/who-is-the-biggest-footballer-of-them-all-has-to-be-messi
421,https://www.aljazeera.com/sports/liveblog/2022/11/27/live-japan-vs-costa-rica-world-cup
422,https://www.aljazeera.com/sports/2022/11/27/spain-v-germany-spanish-youngsters-face-germany-on-a-mission
423,https://www.aljazeera.com/sports/2022/11/27/match-preview-croatia-vs-canada
424,https://www.aljazeera.com/sports/2022/11/27/can-the-atlas-lions-cause-a-world-cup-upset-against-belgium
425,https://www.aljazeera.com/sports/2022/11/27/world-cup-preview-japan-vs-costa-rica
426,https://www.aljazeera.com/sports/2022/11/27/world-cup-2022-day-8-the-schedule-key-players-what-to-expect
427,https://www.aljazeera.com/sports/2022/11/27/world-cup-recap-day-7-france-first-team-through-to-round-of-16
428,https://www.aljazeera.com/gallery/2022/11/26/photos-argentina-vs-mexico
429,https://www.aljazeera.com/sports/2022/11/26/argentina-struggle-for-expected-win-against-mexico
430,https://www.aljazeera.com/news/2022/11/26/fifa-investigates-serbian-nationalist-flag-in-dressing-room
431,https://www.aljazeera.com/news/2022/11/26/mexico-argentina-fan-root-for-their-teams-to-win
432,https://www.aljazeera.com/sports/2022/11/26/france-edge-denmark-in-thrilling-contest
433,https://www.aljazeera.com/gallery/2022/11/26/poland-beats-saudi-arabia-2-0
434,https://www.aljazeera.com/sports/2022/11/26/poland-defeat-saudi-arabia-in-pulsating-2-0-win
435,https://www.aljazeera.com/sports/liveblog/2022/11/26/live-argentina-vs-mexico-world-cup
436,https://www.aljazeera.com/gallery/2022/11/26/tunisia-vs-australia
437,https://www.aljazeera.com/sports/liveblog/2022/11/26/live-france-vs-denmark-world-cup-2022
438,https://www.aljazeera.com/sports/2022/11/26/australia-boost-qualification-chances-with-1-0-win-over-tunisia
439,https://www.aljazeera.com/program/the-listening-post/2022/11/26/russia-ukraine-navigating-the-media-minefield
440,https://www.aljazeera.com/features/2022/11/26/qatars-ghutra-headscarf-unites-football-fans
441,https://www.aljazeera.com/sports/liveblog/2022/11/26/live-poland-vs-saudi-arabia-world-cup
442,https://www.aljazeera.com/news/liveblog/2022/11/26/world-cup-live-do-or-die-game-awaits-argentina
443,https://www.aljazeera.com/sports/2022/11/26/arab-teams-turn-qatar-world-cup-into-a-home-tournament
444,https://www.aljazeera.com/program/talk-to-al-jazeera/2022/11/26/mark-drakeford-is-wales-an-overlooked-nation-in-the-uk
445,https://www.aljazeera.com/sports/2022/11/26/qatar-football-should-not-be-branded-failure-coach-sanchez
446,https://www.aljazeera.com/sports/liveblog/2022/11/26/live-2
447,https://www.aljazeera.com/sports/2022/11/26/al-hilal-the-engine-of-the-saudi-arabias-world-cup-team
448,https://www.aljazeera.com/sports/2022/11/26/mexico-vs-uruguay-last-chance-for-messis-men
449,https://www.aljazeera.com/sports/2022/11/26/les-bleus-look-to-seal-last-16-spot-in-todays-clash-with-denmark
450,https://www.aljazeera.com/sports/2022/11/26/world-cup-2022-poland-vs-saudi-arabia-match-preview
451,https://www.aljazeera.com/sports/2022/11/26/world-cup-2022-tunisia-vs-australia-match-preview
452,https://www.aljazeera.com/sports/2022/11/26/world-cup-key-events-shows-over-for-hosts-qatar-on-day-6
453,https://www.aljazeera.com/gallery/2022/11/25/photos-usa-vs-england
454,https://www.aljazeera.com/sports/2022/11/25/neymar-to-miss-rest-of-world-cup-group-stage-with-injury
455,https://www.aljazeera.com/sports/2022/11/25/another-goalless-draw-as-england-hold-off-usa
456,https://www.aljazeera.com/news/2022/11/25/world-cup-2022-why-americans-call-football-soccer
457,https://www.aljazeera.com/gallery/2022/11/25/photos-netherlands-v-ecuador
458,https://www.aljazeera.com/sports/2022/11/25/ecuador-dominate-1-1-draw-with-netherlands
459,https://www.aljazeera.com/gallery/2022/11/25/photos-senegal-hands-qatar-its-second-world-cup-loss
460,https://www.aljazeera.com/sports/liveblog/2022/11/25/live-england-vs-usa-world-cup-2022
461,https://www.aljazeera.com/news/2022/11/25/clinical-senegal-overcome-spirited-qatar-in-3-1-world-cup-victory
462,https://www.aljazeera.com/news/2022/11/25/iranians-at-world-cup-react-after-last-minute-defeat-of-wales
463,https://www.aljazeera.com/gallery/2022/11/25/wales-vs-iran
464,https://www.aljazeera.com/news/2022/11/25/iran-strike-late-beat-wales-in-second-world-cup-game
465,https://www.aljazeera.com/news/liveblog/2022/11/25/live-netherlands-v-ecuador-world-cup
466,https://www.aljazeera.com/program/the-world-cup-dream/2022/11/25/the-world-cup-dream-morocco
467,https://www.aljazeera.com/news/2022/11/25/its-our-time-to-shine-qataris-on-hosting-the-world-cup
468,https://www.aljazeera.com/news/2022/11/25/qatar-fans-rally-behind-team-ahead-of-second-match
469,https://www.aljazeera.com/sports/liveblog/2022/11/25/live-qatar-vs-senegal-world-cup-2022
470,https://www.aljazeera.com/news/liveblog/2022/11/25/world-cup-2022-live-qatar-to-play-in-round-two-of-group-stage
471,https://www.aljazeera.com/news/2022/11/25/world-cup-2022-england-v-united-states-match-preview
472,https://www.aljazeera.com/sports/2022/11/25/world-cup-2022-preview-netherlands-v-ecuador-preview
473,https://www.aljazeera.com/sports/2022/11/25/swag-skills-success-why-is-brazil-loved-across-the-world
474,https://www.aljazeera.com/sports/2022/11/25/world-cup-2022-preview-qatar-v-senegal-preview
475,https://www.aljazeera.com/news/liveblog/2022/11/25/live-wales-v-iran-world-cup-2022
476,https://www.aljazeera.com/sports/2022/11/25/wales-vs-iran-dragons-on-fire-face-team-melli-test
477,https://www.aljazeera.com/sports/2022/11/25/world-cup-2022-key-events-ronaldo-makes-it-five-on-day-5
478,https://www.aljazeera.com/gallery/2022/11/24/photos-world-cup-2022-showman-richarlison-stars-as-brazil-beat-serbia
479,https://www.aljazeera.com/gallery/2022/11/24/photos-ronaldo-makes-history-as-portugal-beat-ghana-3-2
480,https://www.aljazeera.com/sports/2022/11/24/world-cup-2022-brazils-richarlison-sparkles-in-2-0-win-against-serbia
481,https://www.aljazeera.com/news/2022/11/24/history-maker-ronaldo-fires-portugal-to-3-2-win-over-ghana
482,https://www.aljazeera.com/news/2022/11/24/metro-man-the-world-cups-accidental-social-media-sensation
483,https://www.aljazeera.com/news/2022/11/24/fact-check-a-fake-video-of-ukrainian-nazi-fans
484,https://www.aljazeera.com/gallery/2022/11/24/photos-uruguay-denied-by-woodwork-in-0-0-draw-with-south-korea
485,https://www.aljazeera.com/news/liveblog/2022/11/24/live-brazil-vs-serbia-world-cup-2022
486,https://www.aljazeera.com/news/2022/11/24/uruguay-v-south-korea-ends-goalless-as-la-celeste-hit-post-twice
487,https://www.aljazeera.com/news/2022/11/24/yemenis-divided-support-saudi-arabia-world-cup-win
488,https://www.aljazeera.com/features/2022/11/24/palestinians-wave-their-flag-high-at-the-qatar-world-cup
489,https://www.aljazeera.com/gallery/2022/11/24/switzerland-vs-cameroon
490,https://www.aljazeera.com/news/liveblog/2022/11/24/live-portugal-vs-ghana-world-cup-2022
491,https://www.aljazeera.com/news/2022/11/24/world-cup-2022-switzerland-edge-past-a-spirited-cameroon
492,https://www.aljazeera.com/podcasts/2022/11/24/world-cup-2022-what-does-football-mean-to-the-middle-east
493,https://www.aljazeera.com/news/2022/11/24/criticism-of-qatar-excessive-says-french-football-chief
494,https://www.aljazeera.com/features/2022/11/24/the-rise-of-mohammed-kudus-ghanas-poster-boy
495,https://www.aljazeera.com/news/liveblog/2022/11/24/live-uruguay-vs-south-korea-world-cup-2022
496,https://www.aljazeera.com/news/2022/11/24/ai-robot-kashef-with-todays-world-cup-2022-predictions-day
497,https://www.aljazeera.com/news/liveblog/2022/11/24/live-switzerland-vs-cameroon-world-cup-2022
498,https://www.aljazeera.com/sports/liveblog/2022/11/24/world-cup-2022-live-brazil-to-launch-bid-for-sixth-trophy
499,https://www.aljazeera.com/sports/2022/11/24/world-cup-2022-day-5-the-schedule-key-players-what-to-expect
500,https://www.aljazeera.com/sports/2022/11/24/world-cup-preview-brazil-vs-serbia
501,https://www.aljazeera.com/sports/2022/11/24/can-ghana-throttle-ronaldos-swansong-performance-for-portugal
502,https://www.aljazeera.com/sports/2022/11/24/uruguay-vs-south-korea-sons-squad-take-on-uruguays-euro-stars
503,https://www.aljazeera.com/sports/2022/11/24/world-cup-preview-switzerland-vs-cameroon
504,https://www.aljazeera.com/sports/2022/11/24/ronaldo-versus-messi-who-has-the-better-international-record
505,https://www.aljazeera.com/sports/2022/11/24/world-cup-2022-key-events-japans-stunning-win-on-day-4-in-qatar
506,https://www.aljazeera.com/sports/2022/11/24/japanese-fans-win-praise-for-stadium-cleaning-at-world-cup-2022
507,https://www.aljazeera.com/gallery/2022/11/23/photos-spains-stars-dazzle-in-7-0-thumping-of-costa-rica
508,https://www.aljazeera.com/sports/2022/11/23/belgium-weather-canadian-storm-to-record-1-0-win
509,https://www.aljazeera.com/news/2022/11/23/japan-fans-in-joyous-disbelief-after-germany-shocker-at-world-cup
510,https://www.aljazeera.com/news/2022/11/23/spain-rout-costa-rica-in-majestic-seven-goal-display
511,https://www.aljazeera.com/news/2022/11/23/germany-players-cover-mouths-over-onelove-armband-controversy
512,https://www.aljazeera.com/gallery/2022/11/23/germany-japan
513,https://www.aljazeera.com/news/2022/11/23/world-cup-2022-for-canada-history-is-one-goal-away
514,https://www.aljazeera.com/news/liveblog/2022/11/23/live-belgium-vs-canada-world-cup-2022
515,https://www.aljazeera.com/sports/2022/11/23/late-goals-help-japan-stun-germany-in-world-cup-2022
516,https://www.aljazeera.com/news/2022/11/23/when-they-came-qatar-world-cup-was-unthinkable-now-it-here
517,https://www.aljazeera.com/news/2022/11/23/boring-morocco-croatia-game-ends-in-goalless-draw
518,https://www.aljazeera.com/gallery/2022/11/23/morocco-vs-croatia
519,https://www.aljazeera.com/program/the-world-cup-dream/2022/11/23/the-world-cup-dream-iran
520,https://www.aljazeera.com/news/2022/11/23/croatia-morocco-share-points-goalless-world-cup-opener
521,https://www.aljazeera.com/sports/liveblog/2022/11/23/live-spain-vs-costa-rica-world-cup-2022
522,https://www.aljazeera.com/news/2022/11/23/a-privilege-world-cup-morocco-croatia
523,https://www.aljazeera.com/sports/2022/11/23/al-shahrani-in-a-stable-condition-after-suffering-head-injury
524,https://www.aljazeera.com/sports/liveblog/2022/11/23/live-germany-vs-japan-world-cup-2022
525,https://www.aljazeera.com/news/liveblog/2022/11/23/world-cup-2022-morocco-hopes-for-win-as-mena-steals-the-show
526,https://www.aljazeera.com/sports/liveblog/2022/11/23/live-morocco-vs-croatia-world-cup-2022
527,https://www.aljazeera.com/sports/2022/11/23/for-some-fans-world-cup-alcohol-ban-brings-relief
528,https://www.aljazeera.com/sports/2022/11/23/world-cup-2022-morocco-vs-croatia-match-preview
529,https://www.aljazeera.com/sports/2022/11/23/los-ticos-look-to-repeat-heroics-of-2014-against-spain
530,https://www.aljazeera.com/sports/2022/11/23/world-cup-preview-belgium-vs-canada
531,https://www.aljazeera.com/sports/2022/11/23/germany-v-japan-group-e-preview
532,https://www.aljazeera.com/sports/2022/11/23/world-cup-2022-day-4-the-schedule-key-players-what-to-expect
533,https://www.aljazeera.com/sports/2022/11/23/world-cup-2022-key-events-historic-saudi-win-on-day-3-in-qatar
534,https://www.aljazeera.com/gallery/2022/11/22/photos-giroud-equals-record-as-holders-france-beat-australia-4-1
535,https://www.aljazeera.com/sports/2022/11/22/world-cup-2022-france-resounding-win-over-australia
536,https://www.aljazeera.com/news/2022/11/22/proud-day-to-be-arab-joy-for-saudi-arabia-tunisia-fans
537,https://www.aljazeera.com/gallery/2022/11/22/photos-poland-vs-mexico
538,https://www.aljazeera.com/news/2022/11/22/struggling-tunisians-find-joy-in-thrilling-world-cup-display
539,https://www.aljazeera.com/sports/2022/11/22/jubilant-saudi-arabia-declares-public-holiday-after-argentina-win
540,https://www.aljazeera.com/news/2022/11/22/ronaldo-to-leave-manchester-united-with-immediate-effect
541,https://www.aljazeera.com/sports/liveblog/2022/11/22/live-france-vs-australia-world-cup-2022
542,https://www.aljazeera.com/news/2022/11/22/poland-mexico-play-out-cagey-scoreless-draw-world-cup-opener
543,https://www.aljazeera.com/gallery/2022/11/22/tunisia-and-denmark-draw-as-arab-teams-impress-at-world-cup
544,https://www.aljazeera.com/news/2022/11/22/all-square-between-tunisia-and-denmark-in-high-energy-match
545,https://www.aljazeera.com/videos/2022/11/22/whats-behind-attacks-on-qatar-as-it-hosts-fifa-world-cup-2022
546,https://www.aljazeera.com/gallery/2022/11/22/saudi-celebrating-historic-victory-vs-argentina
547,https://www.aljazeera.com/news/2022/11/22/saudi-fans-rejoice-after-historic-world-cup-win-over-argentina
548,https://www.aljazeera.com/sports/liveblog/2022/11/22/live-mexico-vs-poland-world-cup-2022
549,https://www.aljazeera.com/news/2022/11/22/saudi-arabia-beat-argentina-with-inspired-second-half-performance
550,https://www.aljazeera.com/news/2022/11/22/argentina-fans-take-over-lusail-in-match-against-saudi-arabia
551,https://www.aljazeera.com/sports/liveblog/2022/11/22/live-denmark-vs-tunisia-world-cup-2022
552,https://www.aljazeera.com/sports/2022/11/22/here-is-our-ai-robot-kashef-with-todays-world-cup-predictions
553,https://www.aljazeera.com/sports/2022/11/22/world-cup-2022-day-3-the-schedule-key-players-what-to-expect
554,https://www.aljazeera.com/sports/liveblog/2022/11/22/live-argentina-vs-saudi-arabia-world-cup-2022
555,https://www.aljazeera.com/news/liveblog/2022/11/22/world-cup-2022-live-argentina-france-among-teams-to-take-pitch
556,https://www.aljazeera.com/sports/2022/11/22/france-favourites-to-beat-socceroos-despite-raft-of-injuries
557,https://www.aljazeera.com/sports/2022/11/22/match-preview-mexico-vs-poland
558,https://www.aljazeera.com/sports/2022/11/22/can-high-flying-denmark-overcome-tunisia
559,https://www.aljazeera.com/sports/2022/11/22/irans-coach-angered-over-political-pressure-on-world-cup-squad
560,https://www.aljazeera.com/news/2022/11/22/argentina-vs-saudi-arabia-match-preview
561,https://www.aljazeera.com/news/2022/11/22/give-people-a-bit-of-joy-argentinian-hopes-for-a-world-cup-success
562,https://www.aljazeera.com/news/2022/11/22/world-cup-2022-key-events-at-a-glance-day-2
563,https://www.aljazeera.com/sports/2022/11/22/the-world-cups-most-valuable-teams-which-squads-are-worth-most
564,https://www.aljazeera.com/sports/2022/11/22/i-feel-very-good-argentinas-lionel-messi-ahead-of-saudi-match
565,https://www.aljazeera.com/news/2022/11/21/despite-wales-draw-us-fans-happy-to-see-team-back-in-world-cup
566,https://www.aljazeera.com/gallery/2022/11/21/photos-usa-v-wales
567,https://www.aljazeera.com/gallery/2022/11/21/photos-senegal-v-netherlands
568,https://www.aljazeera.com/sports/2022/11/21/usa-vs-wales-dragons-claw-back-a-draw-with-eagles
569,https://www.aljazeera.com/sports/2022/11/21/qatar-world-cup-2022-netherlands-strike-late-to-beat-senegal
570,https://www.aljazeera.com/sports/liveblog/2022/11/21/live-usa-v-wales-world-cup-2022
571,https://www.aljazeera.com/gallery/2022/11/21/england-v-iran
572,https://www.aljazeera.com/news/2022/11/21/the-us-guide-to-world-cup-2022-in-qatar
573,https://www.aljazeera.com/sports/2022/11/21/england-put-six-past-iran-in-a-dominant-opening-display
574,https://www.aljazeera.com/news/2022/11/21/iran-refuse-to-sing-national-anthem-in-world-cup-opener
575,https://www.aljazeera.com/podcasts/2022/11/21/african-coaches-take-centre-stage-at-world-cup-2022
576,https://www.aljazeera.com/news/2022/11/21/say-her-name-mahsa-amini-iran-protests-arrive-at-world-cup
577,https://www.aljazeera.com/sports/liveblog/2022/11/21/live-senegal-vs-netherlands-world-cup-2022
578,https://www.aljazeera.com/sports/2022/11/21/qatar-world-cup-2022-a-tournament-for-the-whole-arab-world
579,https://www.aljazeera.com/news/2022/11/21/european-teams-say-wont-wear-onelove-world-cup-armband
580,https://www.aljazeera.com/sports/2022/11/21/our-ai-robots-predictions-for-todays-world-cup-matches
581,https://www.aljazeera.com/sports/2022/11/21/keralas-unique-love-for-world-cup
582,https://www.aljazeera.com/sports/liveblog/2022/11/21/live-england-vs-iran-world-cup-2022
583,https://www.aljazeera.com/sports/2022/11/21/world-cup-2022-day-2-schedule-players-and-what-to-expect
584,https://www.aljazeera.com/sports/liveblog/2022/11/21/world-cup-2022-live-six-teams-to-face-off-in-qatar-in-day-two
585,https://www.aljazeera.com/sports/2022/11/21/senegal-v-netherlands-group-favourites-clash-in-opening-game
586,https://www.aljazeera.com/sports/2022/11/21/world-cup-preview-england-vs-iran
587,https://www.aljazeera.com/sports/2022/11/21/usa-v-wales-preview-captain-america-attempts-to-slay-the-dragons
588,https://www.aljazeera.com/sports/2022/11/21/uruguay-goalkeeper-says-speed-of-world-cup-ball-is-fastest-yet
589,https://www.aljazeera.com/sports/2022/11/21/world-cup-2022-key-events-ecuador-deals-qatar-2-0-loss-in-opener
590,https://www.aljazeera.com/news/2022/11/21/thousands-of-migrant-workers-watch-world-cup-opening-match
591,https://www.aljazeera.com/news/2022/11/20/fans-across-the-middle-east-tune-in-for-historic-world-cup-day
592,https://www.aljazeera.com/sports/2022/11/20/bbc-relegates-world-cup-opening-ceremony-to-online-coverage
593,https://www.aljazeera.com/sports/2022/11/20/reflecting-on-a-modern-qatar-during-a-world-cup-game-with-friends
594,https://www.aljazeera.com/gallery/2022/11/20/photos-qatar-vs-ecuador
595,https://www.aljazeera.com/gallery/2022/11/20/photos-fifa-world-cup-opens-in-qatar
596,https://www.aljazeera.com/news/2022/11/20/world-leaders-who-attended-fifa-qatar-world-cup-2022-opening-ceremony
597,https://www.aljazeera.com/sports/2022/11/20/qatar-world-cup-2022-hosts-beaten-by-ecuador-opening-game
598,https://www.aljazeera.com/sports/2022/11/20/fifa-revenue-hits-7-5b-for-current-world-cup-period
599,https://www.aljazeera.com/program/generation-change/2022/11/20/generation-football-vincent-kompany-says-representation-is-key
600,https://www.aljazeera.com/news/2022/11/20/first-direct-tel-aviv-doha-flight-lands-hours-ahead-of-world-cup
601,https://www.aljazeera.com/opinions/2022/11/20/capitalism-cant-kill-football-no-matter-what-it
602,https://www.aljazeera.com/sports/liveblog/2022/11/20/live-qatar-vs-ecuador-world-cup-2022-2
603,https://www.aljazeera.com/sports/2022/11/20/benzemas-injury-a-massive-blow-for-frances-chances
604,https://www.aljazeera.com/program/the-listening-post/2022/11/20/move-fast-and-break-things-musk-shakes-up-twitter
605,https://www.aljazeera.com/sports/2022/11/20/world-cup-2022-qatar-ecuador-preview
606,https://www.aljazeera.com/news/2022/11/20/world-leaders-diplomats-descend-on-qatar-for-2022-world-cup
607,https://aljazeera.com/wc2022experience/?utm_source=www.aljazeera.com&utm_medium=website&utm_campaign=ucms
608,https://www.aljazeera.com/sports/liveblog/2022/11/20/world-cup-2022-live-first-tournament-in-middle-east-kicks-off
609,https://www.aljazeera.com/economy/2022/11/20/qatar-gearing-up-for-fifa-world-cup-equity-market-boom
610,https://www.aljazeera.com/sports/2022/11/20/ten-players-missing-out-on-world-cup-2022-due-to-injury
611,https://www.aljazeera.com/sports/2022/11/20/ronaldo-takes-field-in-qatar-for-world-cup-training-session
612,https://www.aljazeera.com/program/inside-story/2022/11/19/how-will-the-2022-fifa-world-cup-change-qatar-and-the-region
613,https://www.aljazeera.com/news/2022/11/19/benzema-injured-on-return-to-full-training-for-france
614,https://www.aljazeera.com/sports/2022/11/19/un-world-cup-armband-campaign-challenged-by-european-onelove-plan
615,https://www.aljazeera.com/sports/2022/11/19/the-10-stars-for-whom-qatar-2022-will-likely-be-their-last-world-cup
616,https://www.aljazeera.com/news/2022/11/19/fifa-president-slams-the-west-of-hypocrisy-over-qatar-criticism
617,https://www.aljazeera.com/news/2022/11/19/what-the-world-cup-means-to-foreign-residents-of-qatar
618,https://www.aljazeera.com/sports/2022/11/19/beer-sport-men-inside-the-holy-trinity-of-marketing
619,https://www.aljazeera.com/sports/2022/11/19/messi-skips-world-cup-training-camp-as-argentina-hit-by-injuries
620,https://www.aljazeera.com/sports/liveblog/2022/11/19/world-cup-live-news-dash-to-the-finish-before-games-begins
621,https://www.aljazeera.com/sports/2022/11/19/world-cup-preview-costa-rica
622,https://www.aljazeera.com/features/2022/11/19/the-unofficial-anthem-of-the-qatar-national-football-team
623,https://www.aljazeera.com/sports/2022/11/19/qatar-world-cup-2022-team-preview-france
624,https://www.aljazeera.com/sports/2022/11/19/profile-fifa-world-cup-2018
625,https://www.aljazeera.com/news/2022/11/18/world-cup-fans-ready-to-party-despite-beer-ban-in-qatar-stadiums
626,https://www.aljazeera.com/sports/2022/11/18/qatar-2022-european-clubs-dominate-world-cup-squads
627,https://www.aljazeera.com/news/2022/11/18/world-cup-2022-kits
628,https://www.aljazeera.com/sports/2022/11/18/germany-looking-to-make-amends-at-world-cup-2022
629,https://www.aljazeera.com/news/2022/11/18/world-cup-organisers-say-beer-not-sold-stadium-sites-qatar
630,https://www.aljazeera.com/features/2022/11/18/football-and-fried-chicken-saudi-al-baik-spreads-wings-in-qatar
631,https://www.aljazeera.com/news/2022/11/18/can-perennial-underachievers-morocco-finally-soar-at-world-cup
632,https://www.aljazeera.com/news/2022/11/18/devastating-for-senegal-fans-react-to-sadio-mane-injury
633,https://www.aljazeera.com/sports/2022/11/18/lesser-known-world-cup-heroes
634,https://www.aljazeera.com/news/liveblog/2022/11/18/world-cup-live-news-fans-teams-arrive-in-buzzing-qatar
635,https://www.aljazeera.com/program/the-world-cup-dream/2022/11/18/the-world-cup-dream-ghana
636,https://www.aljazeera.com/sports/2022/11/18/will-argentina-win-its-first-world-cup-since-1986-in-qatar-2022
637,https://www.aljazeera.com/opinions/2022/11/18/qatar-2022-world-cup-football-colonial
638,https://www.aljazeera.com/podcasts/2022/11/17/diego-maradona-footballs-flawed-saint
639,https://www.aljazeera.com/gallery/2022/11/17/photos-fans-gear-up-for-fifa-world-cup
640,https://www.aljazeera.com/news/2022/11/17/senegal-star-sadio-mane-ruled-out-of-world-cup-with-leg-injury
641,https://www.aljazeera.com/program/start-here/2022/11/17/world-cup-2022-the-football-basics-start-here
642,https://www.aljazeera.com/news/2022/11/17/world-cup-2022-buzz-builds-as-qatar-welcomes-football-stars-fans
643,https://www.aljazeera.com/news/2022/11/17/can-cameroon-overcome-domestic-issues-to-secure-world-cup-success
644,https://www.aljazeera.com/podcasts/2022/11/17/qatars-security-plans-for-the-world-cup
645,https://www.aljazeera.com/sports/2022/11/17/world-cup-preview-uruguay
646,https://www.aljazeera.com/sports/2022/11/17/do-host-countries-make-money-from-the-world-cup
647,https://www.aljazeera.com/sports/2022/11/17/football-penalty-kicks-explained
648,https://www.aljazeera.com/economy/2022/11/17/in-our-dna-thailand-braces-for-world-cup-gambling-frenzy
649,https://www.aljazeera.com/sports/2022/11/17/biggest-shocks-at-the-world-cup
650,https://www.aljazeera.com/gallery/2022/11/16/photos-a-sneak-peak-at-the-world-cup-qatar-2022-fan-zone
651,https://www.aljazeera.com/news/2022/11/16/is-qatar-is-ready-to-host-the-world-cup
652,https://www.aljazeera.com/sports/2022/11/16/world-cup-team-profile-brazil
653,https://www.aljazeera.com/podcasts/2022/11/16/is-var-the-villain-of-the-world-cup
654,https://www.aljazeera.com/program/al-jazeera-close-up/2022/11/16/the-women-of-football-italys-unbreakable-goalkeeper-close-up
655,https://www.aljazeera.com/sports/2022/11/16/qatar-2022-world-cup-mexico-preview
656,https://www.aljazeera.com/sports/2022/11/16/how-does-fifa-make-so-much-money
657,https://www.aljazeera.com/news/2022/11/16/moment-of-pride-for-qatar-as-world-cup-fever-takes-over
658,https://www.aljazeera.com/sports/2022/11/16/england-three-lions-on-a-shirt-but-only-one-star
659,https://www.aljazeera.com/sports/2022/11/16/qatar-2022-10-players-to-watch-out-for-at-the-world-cup
660,https://www.aljazeera.com/economy/2022/11/16/chinas-firms-get-top-billing-in-qatar-after-team-falls-flat
661,https://www.aljazeera.com/news/2022/11/15/doha-exhibition-traces-qatar-football-journey
662,https://www.aljazeera.com/news/2022/11/15/qatari-minister-slams-western-media-coverage-of-world-cup-record
663,https://www.aljazeera.com/program/the-world-cup-dream/2022/11/15/the-world-cup-dream-qatar
664,https://www.aljazeera.com/sports/2022/11/15/qatar-world-cup-2022-team-preview-spain
665,https://www.aljazeera.com/news/2022/11/15/iran-football-legend-daei-will-not-attend-world-cup-amid-protests
666,https://www.aljazeera.com/sports/2022/11/15/world-cup-2022-all-the-groups-ranked-by-difficulty
667,https://www.aljazeera.com/sports/2022/11/15/in-the-neighbourhood-of-argentinian-legend-maradona
668,https://www.aljazeera.com/sports/2022/11/15/everything-you-need-to-know-about-the-world-cup-opening-day
669,https://www.aljazeera.com/sports/2022/11/15/profile-fifa-world-cup-2002
670,https://www.aljazeera.com/sports/2022/11/15/world-cup-2022-qatar-hopes-to-make-it-past-group-stage
671,https://www.aljazeera.com/opinions/2022/11/14/world-cup-africa-knows-qatars-pain-and-joy
672,https://www.aljazeera.com/news/2022/11/14/world-cup-2022-ukrainian-football-fans-back-poland-and-england
673,https://www.aljazeera.com/gallery/2022/11/14/qatar-receives-fans-6-days-ahead-of-fifa-world-cup
674,https://www.aljazeera.com/sports/2022/11/14/can-serbia-continue-their-impressive-form-at-the-2022-world-cup
675,https://www.aljazeera.com/sports/2022/11/14/iran-relies-on-familiar-faces-in-world-cup-squad
676,https://www.aljazeera.com/sports/2022/11/14/the-fifa-world-cup-in-numbers
677,https://www.aljazeera.com/sports/2022/11/14/world-cup-golden-boot-winners-over-the-years
678,https://www.aljazeera.com/sports/2022/11/14/fifa-world-cup-winners-over-the-years
679,https://www.aljazeera.com/sports/2022/11/14/profile-fifa-world-cup-1998
680,https://www.aljazeera.com/sports/2022/11/14/qatar-world-cup-2022-team-preview-senegal
681,https://www.aljazeera.com/sports/2022/11/13/saudi-winger-dropped-fahad-fifa-world-cup-squad-over-doping
682,https://www.aljazeera.com/sports/2022/11/13/world-cup-2022-ecuador
683,https://www.aljazeera.com/sports/2022/11/13/meet-the-makers-of-the-world-cup
684,https://www.aljazeera.com/program/al-jazeera-close-up/2022/11/13/the-women-of-football-sudans-coach-among-men-close-up
685,https://www.aljazeera.com/sports/2022/11/13/qatar-2022-wales-the-rising-dragon
686,https://www.aljazeera.com/sports/2022/11/13/does-football-owe-lionel-messi-a-world-cup
687,https://www.aljazeera.com/news/2022/11/13/eye-in-the-sky-ai-at-world-cup-to-check-crowds-control-climate
688,https://www.aljazeera.com/sports/2022/11/13/whats-new-at-fifa-world-cup-2022
689,https://www.aljazeera.com/sports/2022/11/13/qatar-world-cup-2022-could-poland-be-surprise-team
690,https://www.aljazeera.com/sports/2022/11/12/what-happened-in-the-premier-league-today
691,https://www.aljazeera.com/news/2022/11/12/van-de-beek-and-cillessen-left-out-of-netherlands-world-cup-squad
692,https://www.aljazeera.com/news/2022/11/12/injured-dybala-named-in-argentinas-world-cup-squad
693,https://www.aljazeera.com/sports/2022/11/12/no-ramos-thiago-or-de-gea-as-spain-name-young-world-cup-squad
694,https://www.aljazeera.com/sports/2022/11/12/a-mix-of-youth-and-experience-in-qatar-world-cup-squad
695,https://www.aljazeera.com/sports/2022/11/12/world-cup-2022-team-usa
696,https://www.aljazeera.com/sports/2022/11/12/a-look-back-at-2010-qatar-think-they-might-just-have-got
697,https://www.aljazeera.com/sports/2022/11/12/qatar-world-cup-2022-team-preview-denmark
698,https://www.aljazeera.com/sports/2022/11/12/qatar-world-cup-2022-team-preview-croatia
699,https://www.aljazeera.com/sports/2022/11/12/world-cup-preview-ghana
700,https://www.aljazeera.com/sports/2022/11/11/qatar-2022-world-cup-squad-lists
701,https://www.aljazeera.com/podcasts/2022/11/11/immigration-migration-and-nationality-in-the-world-cup
702,https://www.aljazeera.com/sports/2022/11/11/world-cup-2022-injured-mane-named-to-senegal-squad
703,https://www.aljazeera.com/sports/2022/11/11/portugal-squad-ronaldo-silva-bruno-in-moutinho-jota-out
704,https://www.aljazeera.com/news/2022/11/11/fifa-reject-denmark-request-for-pro-human-rights-training-shirts
705,https://www.aljazeera.com/news/2022/11/11/qatar-world-cup-2022-team-preview-the-netherlands
706,https://www.aljazeera.com/sports/2022/11/11/meet-the-referees-heading-to-the-world-cup-2022
707,https://www.aljazeera.com/sports/2022/11/11/world-cup-2022-the-green-falcons-of-saudi-arabia
708,https://www.aljazeera.com/sports/2022/11/11/profile-fifa-world-cup-1986
709,https://www.aljazeera.com/news/2022/11/10/fifa-announces-tel-aviv-doha-charter-flights-for-fifa-world-cup
710,https://www.aljazeera.com/sports/2022/11/10/maddison-wilson-and-rashford-named-in-england-world-cup-squad
711,https://www.aljazeera.com/sports/2022/11/10/japan-world-cup-preview
712,https://www.aljazeera.com/sports/2022/11/9/world-cup-2022-belgium-the-red-devils
713,https://www.aljazeera.com/news/2022/11/9/senegals-mane-leg-injury-not-too-serious-to-undergo-scans
714,https://www.aljazeera.com/sports/2022/11/9/qatar-world-cup-2022-team-preview-iran
715,https://www.aljazeera.com/program/start-here/2022/11/8/qatar-and-the-2022-world-cup-start-here
716,https://www.aljazeera.com/sports/2022/11/8/qatar-world-cup-2022-team-preview-switzerland-2
717,https://www.aljazeera.com/sports/2022/11/8/qatar-2022-world-cup-team-preview-tunisia
718,https://www.aljazeera.com/news/2022/11/8/islamophobia-qataris-decry-french-cartoon-of-football-team
719,https://www.aljazeera.com/sports/2022/11/8/profile-fifa-world-cup-1974
720,https://www.aljazeera.com/sports/2022/11/8/world-cup-in-qatar-is-source-of-pride-for-us-iraq-coach
721,https://www.aljazeera.com/sports/2022/11/8/qatar-national-teams-road-to-the-world-cup
722,https://www.aljazeera.com/sports/2022/11/7/brazil-name-nine-forwards-in-attack-minded-world-cup-squad
723,https://www.aljazeera.com/sports/2022/11/7/world-cup-preview-portugal
724,https://www.aljazeera.com/sports/2022/11/7/world-cup-2022-thousands-of-argentina-fans-flock-to-qatar
725,https://www.aljazeera.com/sports/2022/11/7/profile-fifa-world-cup-1970
726,https://www.aljazeera.com/sports/2022/11/7/messi-misses-psg-game-through-injury
727,https://www.aljazeera.com/features/longform/2022/11/7/authentic-desi-food-in-doha-the-story-of-punjab-2
728,https://www.aljazeera.com/sports/2022/11/7/qatar-world-cup-2022-team-preview-australia
729,https://www.aljazeera.com/sports/2022/11/7/qatars-world-cup-entertainment-bonanza-bursts-onto-global-stage
730,https://www.aljazeera.com/sports/2022/11/6/qatar-world-cup-2022-team-preview-canada
731,https://www.aljazeera.com/program/al-jazeera-close-up/2022/11/6/aje-onl-cu_thewomenoffootballqatarsotherworldcup-031122
732,https://www.aljazeera.com/sports/2022/11/6/profile-fifa-world-cup-1966
733,https://www.aljazeera.com/sports/2022/11/6/world-cup-preview-south-korea-2
734,https://www.aljazeera.com/sports/2022/11/5/10-greatest-world-cup-heroes
735,https://www.aljazeera.com/sports/2022/11/5/five-football-games-you-shouldnt-miss-today
736,https://www.aljazeera.com/news/2022/11/5/profile-fifa-world-cup-1962
737,https://www.aljazeera.com/news/2022/11/4/football-for-everyone-says-qatar-minister-to-world-cup-critics
738,https://www.aljazeera.com/news/2022/11/4/fifa-urges-world-cup-teams-to-focus-on-the-football-in-qatar
739,https://www.aljazeera.com/news/2022/11/4/londons-heathrow-airport-staff-to-strike-ahead-of-fifa-world-cup
740,https://www.aljazeera.com/news/2022/11/3/ticketless-fans-can-enter-qatar-during-world-cup-from-december-2
741,https://www.aljazeera.com/news/2022/11/3/son-heung-min-a-doubt-for-the-qatar-world-cup-after-facial-injury
742,https://www.aljazeera.com/news/2022/11/2/new-concussion-protocol-in-place-for-world-cup-2022
743,https://www.aljazeera.com/program/al-jazeera-world/2022/11/2/maradona-in-naples-a-love-story-between-a-footballer-and-a-city
744,https://www.aljazeera.com/sports/2022/11/2/the-best-of-the-ten-missing-out-on-the-qatar-world-cup
745,https://www.aljazeera.com/news/2022/11/2/covid-qatar-and-the-world-cup
746,https://www.aljazeera.com/news/2022/11/1/german-minister-praises-world-cup-preparations-during-qatar-visit
747,https://www.aljazeera.com/sports/2022/11/1/paul-pogba-set-to-miss-world-cup-2022
748,https://www.aljazeera.com/news/2022/11/1/qatar-made-progress-in-labour-reforms-ilo
749,https://www.aljazeera.com/news/2022/11/1/costa-ricas-world-cup-fans-hit-by-global-economics
750,https://www.aljazeera.com/news/2022/11/1/qatar-eases-covid-restrictions-ahead-of-world-cup
751,https://www.aljazeera.com/podcasts/2022/10/31/a-football-players-journey-from-mali-to-belgium
752,https://www.aljazeera.com/news/2022/10/31/belgium-team-underwent-evolution-says-coach-roberto-martinez
753,https://www.aljazeera.com/news/2022/10/31/what-are-qatars-covid-travel-requirements-for-world-cup-2022
754,https://www.aljazeera.com/sports/2022/10/30/tunisia-face-possible-ouster-from-qatar-world-cup
755,https://www.aljazeera.com/program/al-jazeera-close-up/2022/10/30/aje-onl-cu_thewomenoffootballdaringtodreaminiran-281022
756,https://www.aljazeera.com/news/2022/10/30/gcc-condemns-german-ministers-remarks-on-qatar-world-cup-2022
757,https://www.aljazeera.com/sports/2022/10/30/cameroons-long-standing-super-fan-all-set-for-world-cup
758,https://www.aljazeera.com/sports/2022/10/29/profile-fifa-world-cup-1958
759,https://www.aljazeera.com/sports/2022/10/26/no-hayya-no-entry-fifa-world-cup-2022
760,https://www.aljazeera.com/news/2022/10/26/qatar-inks-global-security-partnerships-to-ensure-safe-world-cup
761,https://www.aljazeera.com/sports/2022/10/26/profile-fifa-world-cup-1954
762,https://www.aljazeera.com/news/2022/10/25/qatar-emir-slams-unprecedented-campaign-against-world-cup-hosts
763,https://www.aljazeera.com/sports/2022/10/25/can-an-african-team-reach-the-world-cup-semi-finals
764,https://www.aljazeera.com/podcasts/2022/10/24/qatars-world-cup-from-the-inside-out
765,https://interactive.aljazeera.com/aje/2022/qatar-football-world-cup-2022-quiz/?utm_source=www.aljazeera.com&utm_medium=website&utm_campaign=ucms
766,https://www.aljazeera.com/sports/2022/10/24/profile-fifa-world-cup-1950
767,https://www.aljazeera.com/program/al-jazeera-close-up/2022/10/23/black-pearls-of-brazil
768,https://www.aljazeera.com/program/talk-to-al-jazeera/2022/10/21/nasser-al-khater-is-criticism-over-qatars-wold-cup-justified
769,https://www.aljazeera.com/sports/2022/10/20/key-questions-answered-one-month-before-world-cup-2022
770,https://www.aljazeera.com/gallery/2022/10/20/photos-30-days-to-fifa-world-cup-qatar-2022
771,https://www.aljazeera.com/news/2022/10/20/qatar-timeline-from-winning-the-world-cup-bid-in-2010-to-now
772,https://www.aljazeera.com/sports/2022/10/19/world-cup-2022-whos-in-which-group
773,https://www.aljazeera.com/sports/2022/10/19/host-qatars-world-cup-carbon-neutral-claims-under-fire
774,https://www.aljazeera.com/sports/2022/10/19/in-the-neighbourhood-of-former-indian-footballer-bhaichung-bhutia
775,https://www.aljazeera.com/program/world-cup-countdown/2022/10/18/world-cup-countdown-asia
776,https://www.aljazeera.com/sports/2022/10/18/world-cup-2022-fixtures-dates-venues-and-times
777,https://www.aljazeera.com/sports/2022/10/17/profile-world-cup-1938
778,https://www.aljazeera.com/sports/2022/10/15/profile-world-cup-1934
779,https://www.aljazeera.com/sports/2022/10/11/fifa-world-cup-1930
780,https://www.aljazeera.com/sports/2022/10/11/eight-teams-missing-out-on-this-years-fifa-world-cup
781,https://www.aljazeera.com/sports/2022/10/9/timeline-a-history-of-qatar-football
782,https://www.aljazeera.com/features/2022/10/6/for-saudi-fan-road-to-world-cup-is-a-desert-trek
783,https://www.aljazeera.com/sports/2022/10/4/beckham-expect-high-standards-at-qatar-2022
784,https://www.aljazeera.com/program/world-cup-countdown/2022/10/3/world-cup-countdown-north-and-central-america
785,https://www.aljazeera.com/sports/2022/10/3/who-is-captain-tsubasa-a-hero-for-spanish-footballers
786,https://www.aljazeera.com/news/2022/9/29/world-cup-2022-covid-requirements-enter-qatar
787,https://www.aljazeera.com/news/2022/9/28/brazil-richarlison-banana-racism-tunisia-football-match
788,https://www.aljazeera.com/news/2022/9/27/china-gifts-giant-pandas-to-qatar-ahead-fifa-world-cup
789,https://www.aljazeera.com/news/2022/9/27/final-round-of-qatar-world-cup-ticket-sales-starts-today
790,https://www.aljazeera.com/features/2022/9/27/samovar-tea-warming-hearts-in-qatar
791,https://www.aljazeera.com/sports/2022/9/26/ghana-football-captain-qa
792,https://www.aljazeera.com/sports/2022/9/26/brazil-football-fans-ditching-the-famous-yellow-jersey
793,https://interactive.aljazeera.com/aje/2022/visit-qatar-2022-football-world-cup/?utm_source=aljazeera.com&utm_medium=section_page&utm_campaign=world_cup_2022
794,https://www.aljazeera.com/sports/2022/9/16/chile-loses-fifa-appeal-in-world-cup-case-with-ecuador
795,https://www.aljazeera.com/news/2022/9/16/chile-presents-appeal-to-fifa-in-world-cup-case-with-ecuador
796,https://www.aljazeera.com/news/2022/9/14/why-chile-believes-ecuador-should-not-play-in-the-world-cup-2022
797,https://www.aljazeera.com/sports/2022/9/14/palestinian-football-fans-missing-from-qatar-world-cup
798,https://www.aljazeera.com/sports/2022/9/12/qatar-2022-to-benefit-from-indias-growing-sports-tourism-market
799,https://www.aljazeera.com/gallery/2022/9/10/photos-lusail-super-cup-tests-stadium-hosting-world-cup-final
800,https://www.aljazeera.com/news/liveblog/2022/9/9/lusail-super-cup-live-qatar-hosts-test-run-ahead-of-world-cup
801,https://www.aljazeera.com/sports/2022/9/9/lusail-cup-saudi-al-hilal-face-zamalek-fc-of-egypt
802,https://www.aljazeera.com/news/2022/9/8/qatar-residents-allowed-to-rent-home-world-cup
803,https://www.aljazeera.com/opinions/2022/9/7/creating-a-legacy-of-sport-for-health
804,https://www.aljazeera.com/news/2022/9/2/yoshimi-yamashita
805,https://www.aljazeera.com/news/2022/8/23/pakistan-could-provide-troops-for-qatar-world-cup-security
806,https://www.aljazeera.com/program/world-cup-countdown/2022/8/18/world-cup-countdown-europe
807,https://www.aljazeera.com/news/2022/8/11/fifa-moves-world-cup-start-forward-by-one-day-to-november-20
808,https://www.aljazeera.com/sports/2022/8/10/qatar-world-cup-could-start-a-day-earlier-than-scheduled
809,https://www.aljazeera.com/sports/2022/8/4/audio-descriptive-commentary-for-blind-fans-at-qatar-2022
810,https://www.aljazeera.com/sports/2022/7/29/where-will-the-teams-stay-train-at-qatar-world-cup-2022
811,https://www.aljazeera.com/program/world-cup-countdown/2022/7/26/world-cup-countdown-africa
812,https://www.aljazeera.com/program/newsfeed/2022/7/19/no-pitch-no-problem-young-senegalese-footballers-train-on-roofs
813,https://www.aljazeera.com/news/2022/7/1/world-cup-in-qatar-to-utilise-semi-automated-offside-system
814,https://www.aljazeera.com/sports/2022/6/30/cost-of-nigerias-failure-to-qualify-for-qatar-world-cup-2022
815,https://www.aljazeera.com/sports/2022/6/21/world-cup-qatar-2022-in-maps-and-charts
816,https://www.aljazeera.com/sports/2022/6/21/football-poland-russian-based-rybus-qatar-2022-world-cup
817,https://www.aljazeera.com/gallery/2022/6/15/costa-rica-new-zealand-world-cup-qualification
818,https://www.aljazeera.com/sports/2022/6/15/costa-rica-triumphs-over-new-zealand-in-final-world-cup-qualifier
819,https://www.aljazeera.com/sports/2022/6/14/costa-rica-edge-past-new-zealand-to-seal-world-cup-2022-spot
820,https://www.aljazeera.com/sports/2022/6/14/qatar-world-cup
821,https://www.aljazeera.com/gallery/2022/6/14/photos-australia-won-playoff-againt-peru-in-doha
822,https://www.aljazeera.com/sports/2022/6/14/heartbreak-for-peru-as-ecstatic-australia-qualify-for-world-cup
823,https://www.aljazeera.com/sports/2022/6/13/australia-beat-peru-on-penalties-to-reach-qatar-world-cup-2022
824,https://www.aljazeera.com/sports/2022/6/13/qatar-world-cup-2022-qualifier-peru-vs-australia-live
825,https://www.aljazeera.com/sports/2022/6/13/qatar-2022-world-cup-qualifier-australia-peru
826,https://www.aljazeera.com/sports/2022/6/2/ukraine-keeps-world-cup-hopes-alive-with-victory-over-scotland
827,https://www.aljazeera.com/news/2022/5/27/how-politics-cancelled-a-friendly-iran-canada-football-match
828,https://www.aljazeera.com/news/2022/5/26/gulf-airlines-to-operate-shuttle-flights-for-qatar-2022-world-cup
829,https://www.aljazeera.com/gallery/2022/4/23/photos-3-2-1-qatar-olympic-and-sports-museum
830,https://www.aljazeera.com/sports/2022/4/15/world-cup-eliminations-dash-small-business-hopes
831,https://www.aljazeera.com/news/2022/4/5/football-union-of-russia-withdraws-appeal-over-fifa-ban
832,https://www.aljazeera.com/program/inside-story/2022/4/2/whats-next-for-qatar-after-the-world-cup-draw
833,https://www.aljazeera.com/news/2022/4/1/world-cup-draw-qatar-to-take-on-ecuador-in-tournament-opener
834,https://www.aljazeera.com/sports/2022/4/1/qatar-2022-world-cup-draw-live
835,https://www.aljazeera.com/news/2022/4/1/qatar-2022-world-cupdrawexplained
836,https://www.aljazeera.com/news/2022/3/31/algerian-fa-complaint-fifa-qatar-2022-world-cup-qualifier-cameroon
837,https://www.aljazeera.com/sports/2022/3/31/what-happened-at-the-72nd-fifa-congress-in-qatar
838,https://www.aljazeera.com/sports/2022/3/31/qatars-human-rights-record-takes-centre-stage-at-fifa-congress
839,https://www.aljazeera.com/news/2022/3/30/nigerian-fans-riot-after-world-cup-qualification-defeat-to-ghana
840,https://www.aljazeera.com/news/2022/3/28/canada-seals-first-world-cup-qualification-since-1986
841,https://www.aljazeera.com/sports/2022/3/25/egypt-algeria-seal-narrow-wins-in-qatar-world-cup-qualifiers
842,https://www.aljazeera.com/sports/2022/3/25/noooo-how-italy-reacted-to-team-missing-out-on-qatar-world-cup
843,https://www.aljazeera.com/sports/2022/3/25/salah-mane-rivalry-highlights-africas-qatar-world-cup-playoffs
844,https://www.aljazeera.com/sports/2022/3/25/qatar-2022-cisse-in-the-spotlight-as-senegal-eye-world-cup-slot
845,https://www.aljazeera.com/sports/2022/3/24/ticketless-fans-may-struggle-for-rooms-during-qatar-world-cup
846,https://www.aljazeera.com/sports/2022/3/24/qatar-2022-world-cup-places-on-offer-as-qualifiers-resume
847,https://www.aljazeera.com/news/2022/2/26/poland-refuses-to-play-world-cup-2022-qualifier-with-russia
848,https://www.aljazeera.com/sports/2022/2/2/football-world-cup-which-teams-have-qualified-for-qatar-2022
849,https://www.aljazeera.com/sports/2022/1/28/ecuador-us-edge-closer-to-qatar-2022-world-cup-qualification
850,https://www.aljazeera.com/sports/2022/1/27/whats-at-stake-as-qatar-2022-world-cup-qualifying-resumes
851,https://www.aljazeera.com/sports/2022/1/19/qatar-2022-football-world-cup-tickets-go-on-sale
852,https://www.aljazeera.com/sports/2022/1/19/turkey-to-send-security-forces-qatar-world-cup
853,https://www.aljazeera.com/program/talk-to-al-jazeera/2021/12/18/fatma-samoura-the-road-to-qatar-2022
854,https://www.aljazeera.com/news/2021/12/16/appeals-court-upholds-guilty-verdict-for-ex-qatar-2022-official
855,https://interactive.aljazeera.com/aje/2021/fifa-arab-cup-2021/index.html?utm_source=www.aljazeera.com&utm_medium=website&utm_campaign=ucms
856,https://www.aljazeera.com/sports/2021/11/21/qatar-2022-key-questions-answered-12-months-ahead-of-kick-off
857,https://www.aljazeera.com/economy/2021/10/28/qatar-signs-deal-with-accor-to-manage-world-cup-fan-accommodation
858,https://www.aljazeera.com/gallery/2021/10/22/qatar-2022-al-thumama-stadium-inaugurated-for-amir-cup-final
859,https://www.aljazeera.com/sports/2021/10/12/iran-women-football-fans-south-korea-match
860,https://www.aljazeera.com/news/2021/6/21/norway-rules-out-boycott-of-qatar-2022-world-cup
861,https://www.aljazeera.com/gallery/2021/4/13/in-pictures-building-the-stage-for-the-fifa-world-cup-qatar-2022-final
862,https://www.aljazeera.com/news/2021/3/28/why-are-football-teams-protesting-against-qatar-2022-world-cup
863,https://www.aljazeera.com/gallery/2020/12/18/in-pictures-fourth-qatar-2022-stadium-opened-for-amir-cup-final
864,https://www.aljazeera.com/sports/2020/12/18/qatar-2022-world-cup-stadiums-at-a-glance
865,https://www.aljazeera.com/news/2020/11/20/qatar-and-fifa-to-mark-two-year-countdown-to-world-cup-2022
866,https://www.aljazeera.com/sports/2020/8/3/cas-rules-that-forward-almoez-ali-is-eligible-to-play-for-qatar
867,https://www.aljazeera.com/videos/2020/7/15/qatar-releases-match-schedule-for-2022-fifa-world-cup
868,https://www.aljazeera.com/news/2020/6/14/firm-banned-from-qatar-world-cup-projects-after-unpaid-salaries
869,https://www.aljazeera.com/sports/2020/6/5/qatar-completes-third-fifa-world-cup-stadium
870,https://www.aljazeera.com/sports/2020/5/20/qatar-pledges-to-offer-affordable-world-cup-2022
871,https://www.aljazeera.com/sports/2020/4/7/qatar-denies-allegations-of-corruption-in-world-cup-2022-bid
872,https://www.aljazeera.com/economy/2020/1/20/qatar-to-build-new-solar-power-plant
873,https://www.aljazeera.com/gallery/2019/12/21/in-pictures-liverpool-win-maiden-fifa-club-world-cup
874,https://www.aljazeera.com/sports/2019/12/21/fifa-club-world-cup-liverpool-crowned-first-time-champions
875,https://www.aljazeera.com/gallery/2019/12/18/in-pictures-liverpool-reach-club-world-cup-final-after-late-goal
876,https://www.aljazeera.com/sports/2019/12/18/fifa-club-world-cup-liverpool-beat-monterrey-2-1-to-reach-final
877,https://www.aljazeera.com/news/2019/12/18/path-of-excellence-qatar-celebrates-national-day-2019
878,https://www.aljazeera.com/gallery/2019/12/17/fifa-club-world-cup-brazils-flamengo-reach-maiden-final
879,https://www.aljazeera.com/sports/2019/12/15/first-step-how-fifa-club-world-cup-is-a-prelude-to-qatar-2022
880,https://www.aljazeera.com/gallery/2019/12/8/in-pictures-bahrain-lifts-first-gulf-cup-trophy
881,https://www.aljazeera.com/gallery/2019/12/5/qatar-v-saudi-arabia-dramatic-gulf-cup-semifinal-in-10-pictures
882,https://www.aljazeera.com/sports/2019/11/21/qatar-marks-3-year-countdown-to-world-cup-2022
883,https://www.aljazeera.com/sports/2019/11/18/qatar-to-charter-cruise-ships-to-accommodate-world-cup-fans
884,https://www.aljazeera.com/videos/2019/11/12/sights-on-the-world-cup-is-it-a-real-chinese-football-team
885,https://www.aljazeera.com/news/2019/10/11/un-calls-for-greater-heat-protection-for-workers-in-qatar
886,https://www.aljazeera.com/sports/2019/9/27/world-cup-2022-qatar-to-welcome-fans-from-blockading-countries
887,https://www.aljazeera.com/features/2019/9/19/renewed-calls-for-qatar-to-address-treatment-of-migrant-workers
888,https://www.aljazeera.com/sports/2019/9/18/qatar-2022-world-cup-stadiums-all-you-need-to-know
889,https://www.aljazeera.com/sports/2019/9/18/world-cup-2022-a-room-with-a-view-at-qatars-al-bayt-stadium
890,https://www.aljazeera.com/gallery/2019/9/4/qatar-2022-world-cup-logo-projected-onto-global-landmarks
891,https://www.aljazeera.com/sports/2019/9/4/qatar-2022-football-world-cup-logo-unveiled
892,https://www.aljazeera.com/sports/2019/9/3/qatar-set-to-reveal-2022-world-cup-logo-with-landmark-projections
893,https://www.aljazeera.com/videos/2019/8/21/qatar-to-build-reusable-fifa-world-cup-stadium
894,https://www.aljazeera.com/sports/2019/6/19/no-case-opened-against-platini-in-world-cup-probe-french-police
895,https://www.aljazeera.com/sports/2019/6/18/platini-detained-in-paris-as-part-of-qatar-2022-world-cup-probe
896,https://www.aljazeera.com/sports/2019/6/3/qatar-to-host-next-two-fifa-club-world-cups
897,https://www.aljazeera.com/sports/2019/5/23/fifa-shelves-plan-to-expand-2022-world-cup-to-48-teams
898,https://www.aljazeera.com/gallery/2019/5/8/in-pictures-doha-commuters-take-first-ever-metro-in-qatar
899,https://www.aljazeera.com/sports/2019/4/29/uncertainty-in-kuwait-around-expanding-world-cup-2022
900,https://www.aljazeera.com/sports/2019/4/27/fifa-to-hold-talks-with-rights-groups-on-world-cup-2022-expansion
901,https://www.aljazeera.com/sports/2019/4/15/fifa-chief-infantino-holds-world-cup-expansion-talks-in-kuwait
902,https://www.aljazeera.com/sports/2019/4/6/fifa-chief-hails-re-election-of-asian-football-chief
903,https://www.aljazeera.com/sports/2019/3/15/fifa-to-explore-expanding-2022-world-cup-from-32-to-48-teams
904,https://www.aljazeera.com/videos/2019/3/7/qatar-2022-expansion-oman-and-kuwait-considered-as-co-hosts
905,https://www.aljazeera.com/sports/2019/2/10/guardian-lynton-crosby-offered-to-undermine-2022-qatar-world-cup
906,https://www.aljazeera.com/sports/2019/2/7/qatar-remains-committed-to-labour-reforms-after-amnesty-report
907,https://www.aljazeera.com/sports/2019/1/25/qatar-2022-blockade-not-hindering-world-cup-preparation
908,https://www.aljazeera.com/sports/2019/1/1/uae-happy-to-help-host-qatar-2022-world-cup-matches
909,https://www.aljazeera.com/sports/2018/12/17/qatar-unveils-design-for-lusail-stadium-world-cup-final-venue
910,https://www.aljazeera.com/sports/2018/11/25/amnesty-warns-fifa-against-expanding-qatar-2022-world-cup
911,https://www.aljazeera.com/sports/2018/10/31/fifa-hints-at-expanding-qatar-2022-world-cup-to-wider-gulf-region
912,https://www.aljazeera.com/videos/2018/7/16/qatars-emir-hopes-2022-world-cup-can-heal-arab-world-divisions
913,https://www.aljazeera.com/sports/2018/7/16/after-russia-focus-shifts-on-qatar-for-world-cup-2022
914,https://www.aljazeera.com/videos/2018/7/14/2022-world-cup-will-qatar-host-48-teams
915,https://www.aljazeera.com/opinions/2018/5/18/making-qatar-2022-a-48-team-tournament-is-not-a-good-idea
916,https://www.aljazeera.com/sports/2017/12/12/qatar-world-cup-allegations-part-of-smear-campaign
917,https://www.aljazeera.com/features/2017/11/22/countdown-to-qatar-2022-five-points
918,https://www.aljazeera.com/news/2017/11/13/qatar-investigates-uae-plan-to-devalue-its-currency
919,https://www.aljazeera.com/news/2017/11/9/uae-plot-to-wage-financial-war-on-qatar-revealed
920,https://www.aljazeera.com/news/2017/11/8/un-clears-qatar-over-treatment-of-migrant-workers
921,https://www.aljazeera.com/news/2017/10/26/qatar-approves-new-bill-to-protect-foreign-workforce
922,https://www.aljazeera.com/sports/2017/10/6/gulf-blockade-poses-no-risk-to-qatar-world-cup
923,https://www.aljazeera.com/news/2017/9/28/qatar-rebuts-concerns-over-world-cup-workers-safety
924,https://www.aljazeera.com/program/talk-to-al-jazeera/2017/8/22/hassan-al-thawadi-world-cup-a-tool-to-fight-terrorism
925,https://www.aljazeera.com/news/2017/8/3/qatar-to-approve-permanent-residency-for-some-expats
926,https://www.aljazeera.com/sports/2017/6/14/qatar-football-team-faces-fifa-sanction-for-emir-shirt
927,https://www.aljazeera.com/sports/2017/6/11/fifa-president-says-qatar-world-cup-is-not-under-threat
928,https://www.aljazeera.com/news/2016/12/19/cooling-hats-for-world-cup-2022-stadium-builders
929,https://www.aljazeera.com/economy/2016/12/14/qatar-introduces-changes-to-labour-law
930,https://www.aljazeera.com/sports/2016/4/22/fifa-to-set-up-worker-welfare-body-for-qatar-2022
931,https://www.aljazeera.com/sports/2016/4/1/amnesty-qatar-world-cup-stadium-workers-suffer-abuse
932,https://www.aljazeera.com/sports/2016/3/23/qatar-world-cup-2022-fans-could-be-housed-in-tents
933,https://www.aljazeera.com/program/talk-to-al-jazeera/2015/12/12/sheikh-salman-fifa-politics-and-torture-allegations
934,https://www.aljazeera.com/sports/2015/9/25/fifa-sets-start-date-for-2022-qatar-world-cup
935,https://www.aljazeera.com/sports/2015/6/17/fifa-probes-show-53-possible-money-laundering-cases
936,https://www.aljazeera.com/sports/2015/6/10/gcc-voices-support-for-qatar-hosting-2022-world-cup
937,https://www.aljazeera.com/sports/2015/6/4/qatar-2022-gets-asian-football-bodys-backing
938,https://www.aljazeera.com/sports/2015/6/4/ex-fifa-executive-blazer-admits-to-taking-bribes
939,https://www.aljazeera.com/sports/2015/6/3/fbi-to-probe-russia-and-qatar-world-cup-bids
940,https://www.aljazeera.com/economy/2015/6/3/qatar-rebuffs-england-fa-criticism-over-2022-world-cup
941,https://www.aljazeera.com/sports/2015/5/28/fifa-reels-from-arrests-in-corruption-probe
942,https://www.aljazeera.com/sports/2015/5/21/amnesty-criticises-qatar-on-migrant-labour-rights
943,https://www.aljazeera.com/news/2015/5/18/bbc-crew-detained-while-reporting-in-qatar
944,https://www.aljazeera.com/sports/2015/4/23/qatar-2022-reveal-design-of-fifth-world-cup-stadium
945,https://www.aljazeera.com/sports/2015/4/22/cruise-ships-set-to-house-12000-fans-at-qatar-2022
946,https://www.aljazeera.com/sports/2015/3/19/fifa-confirms-qatar-2022-world-cup-final-on-december-18
947,https://www.aljazeera.com/features/2015/2/28/european-clubs-should-just-accept-a-winter-world-cup
948,https://www.aljazeera.com/sports/2015/2/25/no-compensation-to-clubs-for-winter-world-cup-fifa
949,https://www.aljazeera.com/sports/2015/2/24/fifa-recommends-winter-world-cup-for-qatar
950,https://www.aljazeera.com/program/talk-to-al-jazeera/2015/2/13/hassan-al-thawadi-a-clear-bias-against-qatar
951,https://www.aljazeera.com/sports/2014/11/20/fifa-agrees-on-next-step-of-wc-probe
952,https://www.aljazeera.com/sports/2014/11/10/groundhog-day-for-qatar-2022
953,https://www.aljazeera.com/sports/2014/10/30/april-may-best-option-for-qatar-2022
954,https://www.aljazeera.com/sports/2014/10/8/move-winter-games-for-qatar-2022
955,https://www.aljazeera.com/sports/2014/9/27/transparency-needed-to-transform-fifa
956,https://www.aljazeera.com/sports/2014/9/24/make-fifa-report-public-says-garcia
957,https://www.aljazeera.com/sports/2014/9/23/qatar-wont-host-the-wc-fifa-official
958,https://www.aljazeera.com/sports/2014/9/10/confident-of-being-cleared-qatar-2022
